,State,Site,Date,Latitude..X.,Longitude..Y.,Argos.ID,Serial.ID,Movebank.ID,Bander,Band.ID,Recap,Sex,Age,Weight..g.,Bill..mm.,Leg..mm.,Tarsus..mm.,Wing.Chord..mm.,Feather.Collected,Blood,Comments,resid
1,PA,SGL314,9/24/2018,41.978575,-80.493135,175602,NA,PA-2018-05,ACF,1873-04201,No,0,1,158,67.4,36.8,31,127,Yes,NA,Nightlighting,6.794178722
2,PA,SGL314,9/24/2018,41.978575,-80.493135,175607,43003,PA-2018-02,PA,1873-04202,No,1,1,190,68,38.3,32.1,140,Yes,NA,Nightlighting,-4.507315599
3,PA,SGL314,9/24/2018,41.978575,-80.493135,175606,NA,PA-2018-07,PA,1873-04203,No,0,1,159,67,37.2,32,127,Yes,NA,Nightlighting,7.641663957
4,PA,SGL314,9/24/2018,41.978575,-80.493135,175605,NA,PA-2018-11,PA,1873-04204,No,0,1,148,66,36,31,130,Yes,NA,Nightlighting,-2.900791749
5,PA,SGL314,9/24/2018,41.978575,-80.493135,175604,NA,PA-2018-06,PA,1873-04205,No,1,1,180,71.5,41,35,138,Yes,NA,Nightlighting,-15.53679026
6,PA,SGL314,9/24/2018,41.978575,-80.493135,175603,NA,PA-2018-08,PA,1873-04206,No,0,1,130,66,38,32,127,Yes,NA,Nightlighting,-21.66336557
7,PA,SGL314,9/24/2018,41.978575,-80.493135,175608,43004,PA-2018-03,PA,1873-04208,No,1,1,184,72,41,36,143,Yes,NA,Nightlighting,-11.53679026
8,PA,SGL314,9/24/2018,41.978575,-80.493135,NA,NA,,PA,1873-04210,No,0,0,146,,NA,NA,NA,Yes,NA,Nightlighting; band only,NA
9,PA,SGL314,9/24/2018,41.978575,-80.493135,175610,43006,PA-2018-04,PA,1873-04211,No,1,0,182,71,43,35,145,Yes,NA,Nightlighting,-16.64875115
10,PA,SGL314,9/24/2018,41.978575,-80.493135,175611,43007,PA-2018-09,PA,1873-04212,No,1,1,185,75,42,35,147,Yes,NA,Nightlighting,-10.91807717
11,PA,SGL314,9/24/2018,41.978575,-80.493135,NA,NA,,PA,1873-04214,No,1,1,176,71,NA,NA,NA,Yes,NA,Nightlighting; band only,NA
12,PA,SGL314,9/24/2018,41.978575,-80.493135,175609,43005,,ACF,1873-04215,No,1,0,180,74,43,32,143,Yes,NA,Nightlighting,-18.64875115
13,PA,SGL314,9/24/2018,41.978575,-80.493135,175612,43008,PA-2018-10,PA,1873-04207,No,1,0,187,71,41,34,140,Yes,NA,Nightlighting,-10.88617732
14,PA,SGL314,9/24/2018,41.978575,-80.493135,175601,NA,PA-2018-01,PA,1873-04209,No,0,0,132,64,36,32,125,Yes,NA,Nightlighting,-21.25017881
15,PA,SGL314,9/24/2018,41.978575,-80.493135,NA,NA,,PA,1873-04213,No,1,1,170,71.5,NA,NA,NA,Yes,NA,Nightlighting; band only,NA
16,PA,SGL314,9/24/2018,41.978575,-80.493135,NA,NA,,PA,1873-04216,No,1,1,180,72,NA,NA,NA,Yes,NA,Nightlighting; band only,NA
17,PA,SGL314,9/24/2018,41.978575,-80.493135,NA,NA,,PA,1873-04217,No,1,0,179,70,NA,NA,NA,Yes,NA,Nightlighting; band only,NA
18,PA,SGL314,9/24/2018,41.978575,-80.493135,NA,NA,,PA,1873-04218,No,1,1,168,76,NA,NA,NA,Yes,NA,Nightlighting; band only,NA
19,ME,MOOSE,10/15/2017,45.113515,-67.285843,172458,NA,ME-2017-05,ACF,1803-22121,No,0,0,169,66,36.6,30.5,123,No,NA,Mist netting,15.52104904
20,ME,MOOSE,10/15/2017,45.113515,-67.285843,172457,NA,ME-2017-04,ACF,1803-22122,No,0,0,148,66,36.1,31.2,127,No,NA,Mist netting,-5.288307503
21,ME,MOOSE,10/15/2017,45.113515,-67.285843,172454,NA,ME-2017-01,ACF,1803-22123,No,0,0,157,64,35,31.2,129,No,NA,Mist netting,4.1311081
22,ME,MOOSE,10/15/2017,45.113515,-67.285843,172455,NA,ME-2017-02,ACF,1803-22124,No,1,1,208,68,39.6,33.3,140,No,NA,Mist netting,12.99701142
23,ME,MOOSE,10/15/2017,45.113515,-67.285843,172459,NA,ME-2017-06,ACF,1803-22125,No,0,0,171,66,37.9,32.3,129,No,NA,Mist netting,17.02537606
24,ME,HENDLOT,10/20/2017,44.965662,-68.742923,172456,NA,ME-2017-03,ACF,1803-22126,No,1,1,232,73,41.5,35.4,132,No,NA,Mist netting,36.27256628
25,ME,HENDLOT,10/20/2017,44.965662,-68.742923,NA,NA,,ACF,1803-22127,No,0,1,159,67,35.2,29.9,125,No,NA,Banded; no satellite transmitter; mist netting,8.404237781
26,ME,HENDLOT,10/20/2017,44.965662,-68.742923,NA,NA,,ACF,1803-22128,No,1,0,195,71,40,35.2,130,No,NA,Banded; no satellite transmitter; mist netting,-2.504890413
27,ME,HENDLOT,4/7/2018,44.965662,-68.742923,NA,NA,,ACF,1803-22129,No,0,0,140,61,37.2,31.7,124,No,NA,Banded; no satellite transmitter; mist netting,-13.70772311
28,NY,COBRES,4/10/2018,42.65743,-74.454623,NA,NA,,ACF,1803-22130,No,1,1,235,75,NA,NA,NA,No,NA,Banded; no satellite transmitter,NA
29,NY,COBRES,4/10/2018,42.65743,-74.454623,NA,NA,,ACF,1803-22131,No,0,1,140,67,NA,NA,NA,No,NA,Banded; no satellite transmitter,NA
30,NY,COBRES,4/11/2018,42.65743,-74.454623,NA,NA,,ACF,1803-22132,No,0,0,144,60,NA,NA,NA,No,NA,Banded; no satellite transmitter,NA
31,ME,MOOSE,10/4/2018,45.113515,-67.285843,175919,NA,ME-2018-07,ACF,1803-22133,No,0,0,178,64,35.8,31.6,128,Yes,NA,mist; freq tag schedule,24.82607857
32,ME,MOOSE,10/4/2018,45.113515,-67.285843,175922,NA,ME-2018-08,ACF,1803-22134,No,0,1,163,66,37.1,32.2,132,Yes,NA,mist; freq tag schedule,11.67979265
33,VA,WTRACT,4/18/2018,38.169663,-79.574394,174342,NA,VA-2018-04,AB,1803-29545,No,0,1,NA,,NA,NA,NA,,NA,Daily locations collection,NA
34,VA,WTRACT,4/20/2018,38.169663,-79.574394,174343,NA,VA-2018-03,AB,1803-29546,No,0,1,NA,,NA,NA,NA,,NA,5 day collection schedule,NA
35,VA,WTRACT,4/23/2018,38.169663,-79.574394,174336,NA,VA-2018-01,AB,1803-29547,No,0,1,146,61,NA,NA,NA,No,NA,"Mist net; daily location collection; initially caputred 4/4/17, had VHF from previous study; no leg band though",NA
36,VA,WTRACT,8/15/2018,38.169663,-79.574394,174338,NA,VA-2018-01,AB,1803-29547,Yes,0,1,149,64,NA,NA,NA,No,NA,Mist net; replaced GPS transmitter; 5 day collection schedule,NA
37,VA,HVALLEY,5/9/2018,38.101334,-79.813194,174337,NA,VA-2018-02,AB,1803-29548,No,0,1,NA,,NA,NA,NA,,NA,5 day collection schedule,NA
38,VA,HVALLEY,10/3/2018,38.101334,-79.813194,NA,NA,,AB,1803-29549,No,1,0,178,73,41,37,140,Yes,NA,Nightlighting,-19.88617732
39,VA,HVALLEY,10/3/2018,38.101334,-79.813194,174340,NA,VA-2018-05,AB,1803-29551,No,1,1,181,70,43,40,143,Yes,NA,Nightlighting,-15.29936409
40,ME,HENDLOT,10/9/2018,44.965662,-68.742923,175929,43014,ME-2018-10,ACF,1803-22135,No,1,1,205,72,40.7,35.8,138,Yes,NA,Mist net; ,9.577595812
41,ME,MOOSE,10/11/2018,45.113515,-67.285843,175928,43013,ME-2018-09,ACF,1803-22136,No,1,0,214,71.5,40.7,35.8,NA,Yes,NA,Spotlighting,16.22820875
42,ME,MOOSE,10/15/2018,45.113515,-67.285843,175924,43009,ME-2018-11,ACF,1803-22137,No,1,0,200,74.9,40.1,34.6,139,Yes,NA,Spotlighting,2.456980896
43,ME,MOOSE,10/15/2018,45.113515,-67.285843,175926,43011,ME-2018-12,ACF,1803-22138,No,1,0,198,73,40.4,35.3,131,Yes,NA,Spotlighting,0.342594823
44,VA,HVALLEY,10/16/2018,38.101334,-79.813194,174335,NA,VA-2018-07,AB,1803-29552,No,1,0,154,66.9,38.7,34.6,126,Yes,NA,Spotlighting; Infrequent Schedule,-43.00921743
45,VA,HVALLEY,10/16/2018,38.101334,-79.813194,174334,NA,,AB,1803-29553,No,1,0,176,70.2,39.3,33.8,134,Yes,NA,Spotlighting; Infrequent Schedule,-21.23798957
46,ME,HENDLOT,10/16/2018,44.965662,-68.742923,NA,NA,,ACF,1803-22139,No,0,0,179,64.1,35.5,30.8,123,Yes,NA,Mist net; no transmitter attached,25.94046464
47,NY,HIGHTOR,10/10/2018,42.64,-77.37,175754,NA,NY-2018-09,KGR,1873-04639,No,0,1,163,65,37,33,123,Yes,NA,Spotlighting,11.71792134
48,QUE,AUTHIER-NORD,9/12/2018,48.83908,-78.82718,174526,NA,QUE-2018-02,SWM,1873-05202,No,1,1,178,71.6,39.5,36,141,Yes,NA,Mist net in evening; secondary(10); Infrequent,-16.96485989
49,QUE,AUTHIER-NORD,9/13/2018,48.83908,-78.82718,174528,NA,QUE-2018-03,SWM,1873-05203,No,0,0,162,67.8,37,32.5,129,Yes,NA,Mist net in evening; secondary(10); Infrequent,8.368534276
50,QUE,AUTHIER-NORD,9/13/2018,48.83908,-78.82718,174525,NA,QUE-2018-01,SWM,1873-05204,No,1,0,194,73.6,40.4,37,139,Yes,NA,Mist net in evening; secondary(10); Frequent,-3.657405177
51,QUE,AUTHIER-NORD,9/13/2018,48.83908,-78.82718,174529,NA,QUE-2018-04,SWM,1873-05205,No,1,0,202,71.6,41,35.8,140,Yes,NA,Mist net in evening; secondary(10); Frequent,4.113822675
52,QUE,AUTHIER-NORD,9/13/2018,48.83908,-78.82718,174530,NA,QUE-2018-05,SWM,1873-05206,No,0,0,154,64,35.7,32.2,127,Yes,NA,Mist net in morning; secondary(10); Frequent,0.864207262
53,ONT,PAINKILLER,9/11/2018,48.5890371,-80.3815282,174531,NA,ONT-2018-01,SWM,1873-05201,No,0,1,150,63.5,36.9,33,121,Yes,NA,Mist net in evening; primary(9);Frequent,-1.243949969
54,ONT,PAINKILLER,10/11/2018,48.5890371,-80.3815282,174532,NA,ONT-2018-02,SWM,1873-05207,No,1,1,211,74.4,40.6,34.8,142,Yes,NA,Mist net in morning; secondary(10); Infrequent,15.6157245
55,ME,HENDLOT,10/19/2018,44.965662,-68.742923,175925,43010,ME-2018-13,ACF,1803-22140,No,1,1,206,75.9,40,34.3,139,Yes,NA,Mist net; ,10.84449665
56,NY,OAKORC,9/24/2018,43.130715,-78.314029,175762,43084,NY-2018-06,WW,1873-04626,No,1,1,190,70,40,37,127,No,NA,Nightlighting,-5.15550335
57,NY,JWHITE,10/9/2018,43.079858,-78.383098,175750,NA,NY-2018-08,WW,1873-04627,No,0,0,170,65,33,29,129,No,NA,Nightlighting,17.89368192
58,NY,ROME,9/28/2018,43.213494,-75.537552,175764,43086,NY-2018-07,SRH,1873-04656,No,1,1,200,75,44,38,138,Yes,NA,Spotlight/hand net in forest; secondary molt; ASY??,3.319349003
59,NY,TUGHILL,9/19/2018,43.786618,-75.602233,175747,NA,NY-2018-01,SRH,1873-04651,No,1,0,184,72.9,41.5,36,137,Yes,NA,Mist net,-14.07682078
60,NY,TUGHILL,9/19/2018,43.786618,-75.602233,175749,NA,NY-2018-02,JE,1873-04652,No,1,1,180,71.4,41.2,35.5,148,Yes,NA,Mist net,-15.61304764
61,NY,TUGHILL,9/20/2018,43.786618,-75.602233,175755,NA,NY-2018-03,SRH,1873-04653,No,0,0,155,64,40,33,126,Yes,NA,Mist net,0.224673541
62,NY,TUGHILL,9/20/2018,43.786618,-75.602233,175760,NA,NY-2018-05,SRH,1873-04654,No,0,0,163,66,35,31,130,Yes,NA,Mist net,10.1311081
63,NY,TUGHILL,9/22/2018,43.786618,-75.602233,175757,NA,NY-2018-04,SRH,1873-04655,No,0,0,158,64,35,28,128,Yes,NA,Mist net,5.1311081
64,RI,GRSWMP,9/3/2018,41.455399,-71.590703,175917,NA,RI-2018-01,CLG,1713-83163,No,0,1,142.5,67,NA,NA,121,No,NA,"Captured 22:55 by spotlight, 0 fat",NA
65,RI,BRIVER,9/9/2018,41.649853,-71.578026,176548,NA,RI-2018-12,CLG,1713-83148,No,0,1,146,66,NA,NA,120,No,NA,"captured 20:18 by spotlight, 0 fat",NA
66,RI,BRIVER,9/10/2018,41.649853,-71.578026,176540,NA,RI-2018-03,CLG,1713-83166,Yes,0,1,132.5,67,NA,NA,125,Yes,NA,"captrued 21:23 by spotlight, 0 fat",NA
67,RI,BRIVER,9/10/2018,41.649853,-71.578026,176544,NA,RI-2018-04,CLG,1713-83160,No,0,1,145.5,67,NA,NA,119,YES,NA,"captured 20:00 by spotlight, 0 fat",NA
68,RI,GRSWMP,9/11/2018,41.455399,-71.590703,175918,NA,RI-2018-05,CLG,1713-83176,Yes,0,1,128,67,NA,NA,120,YES,NA,"captured 03:09 by spotlight, 0 fat, same location as 83175",NA
69,RI,GRSWMP,9/11/2018,41.455399,-71.590703,175927,43012,RI-2018-02,CLG,1713-83175,No,1,1,186,76,NA,NA,131,NO,NA,"captured 03:09 by spotlight, 0 fat, same location as 83176",NA
70,RI,BRIVER,9/12/2018,41.649853,-71.578026,175923,NA,RI-2018-08,CLG,1713-83145,Yes,0,1,145,68,NA,NA,120,Yes,NA,"captured 20:30 by spotlight, 0 fat",NA
71,RI,FCARTER,9/12/2018,41.436684,-71.688709,176549,NA,RI-2018-13,CLG,1713-83168,No,0,1,144,65,NA,NA,126,Yes,NA,"captured 23:23 by spotlight, 0 fat",NA
72,RI,FCARTER,9/25/2018,41.436684,-71.688709,175920,NA,RI-2018-06,CLG,1713-83172,No,0,1,151,65,NA,NA,125,yes,NA,"captured 19:45 by spotlight, 0 fat",NA
73,RI,FCARTER,9/28/2018,41.436684,-71.688709,176550,NA,RI-2018-14,CLG,1713-83177,No,0,1,158,65,NA,NA,121,Yes,NA,"captured 21:30 by spotlight, 0 fat",NA
74,RI,TILLING,10/6/2018,41.650068,-71.760677,176545,NA,RI-2018-10,CLG,1713-83179,No,0,1,145,64,NA,NA,126,,NA,"captured 20:10 by spotlight, 0 fat",NA
75,RI,TILLING,10/6/2018,41.650068,-71.760677,175930,43015,RI-2018-07,CLG,1713-83180,No,1,1,181,72,NA,NA,137,yes,NA,"captured 20:20by spotlight, 0 fat",NA
76,RI,TILLING,10/7/2018,41.650068,-71.760677,176542,NA,RI-2018-15,CLG,1713-83181,No,0,1,162,67,NA,NA,125,,NA,"captured 20:; by spotlight, 0 fat",NA
77,RI,GRSWMP,10/10/2018,41.455399,-71.590703,176551,43091,RI-2018-11,CLG,1713-83182,No,1,1,187,70,NA,NA,131,,NA,"captured 18:50 by mistnet at roost site, 0 fat",NA
78,RI,FCARTER,10/19/2018,41.436684,-71.688709,176541,NA,RI-2018-09,CLG,1713-83169,Yes,0,1,161,66,NA,NA,123,Yes,NA,"captured by spotlight, 1 fat",NA
79,MD,MILL,12/1/2018,39.305204,-75.796873,177730,NA,,ACF,1713-14105,No,1,0,214,72.7,39.3,34.2,142,Yes,NA,spotlighting; tag deployed but faulty LOTEK software prevented data transmissions; tags were replaced by LOTEK,16.76201043
80,MD,MILL,12/1/2018,39.305204,-75.796873,177731,NA,,HW,1713-14106,No,1,0,247,74,41.4,35.5,140,Yes,NA,spotlighting; tag deployed but faulty LOTEK software prevented data transmissions; tags were replaced by LOTEK,48.96130791
81,MD,MILL,12/1/2018,39.305204,-75.796873,177728,NA,,HW,1713-14107,No,0,1,171,61.1,31.1,31.1,132,Yes,NA,spotlighting; tag deployed but faulty LOTEK software prevented data transmissions; tags were replaced by LOTEK,21.96751412
82,MD,MILL,12/1/2018,39.305204,-75.796873,177729,NA,,HW,1713-14108,No,1,0,209,73.8,35.9,35.9,146,Yes,NA,spotlighting; tag deployed but faulty LOTEK software prevented data transmissions; tags were replaced by LOTEK,13.05838593
83,NJ,CMDWS,12/4/2018,38.93799,-74.944646,176561,43203,NJ-2018-13,ACF,1803-36601,No,1,0,211,74.2,40.2,34.7,135,Yes,NA,Mist net; Cape May meadows,13.4188522
84,NJ,CMDWS,12/4/2018,38.93799,-74.944646,176560,NA,NJ-2018-01,TN,1803-36602,No,0,0,166,65.7,37,30.8,128,Yes,NA,Spotlight; Cape May Meadows,12.36853428
85,NJ,CMDWS,12/4/2018,38.93799,-74.944646,176555,NA,NJ-2018-02,LC,1803-36603,No,0,0,153,63..9,34.4,31.1,125,Yes,NA,Spotlight; Cape May Meadows,0.359880247
86,NJ,CMDWS,12/4/2018,38.93799,-74.944646,176556,NA,NJ-2018-03,TN,1803-36604,No,0,0,171,62.2,33.8,30.7,129,Yes,NA,Spotlight; Cape May Meadows,18.58865239
87,NJ,CMDWS,12/4/2018,38.93799,-74.944646,176554,NA,NJ-2018-04,TC,1803-36605,No,0,0,165,63.9,37.7,32.9,127,Yes,NA,Spotlight; Cape May Meadows,11.10163344
88,NJ,HIGBEE,12/4/2018,38.958672,-74.946853,176558,NA,NJ-2018-05,LC,1803-36606,No,0,0,148,63.8,37,31.1,125,Yes,NA,Spotlight; Higbee WMA,-5.631465724
89,NJ,HIGBEE,12/4/2018,38.958672,-74.946853,176559,NA,NJ-2018-06,ACF,1803-36607,No,0,0,151,65.1,35.2,29.7,127,Yes,NA,Spotlight; Higbee WMA,-1.945149282
90,NJ,CMDWS,12/5/2018,38.93799,-74.944646,176568,43210,NJ-2018-08,LC,1803-36608,No,1,0,195,70,40,34.8,141,Yes,NA,Spotlight; Cape May Meadows,-2.504890413
91,NJ,HIGBEE,12/5/2018,38.958672,-74.946853,NA,NA,,LC,1803-36609,No,1,0,227,77.1,41.1,37.4,145,Yes,NA,Spotlight; Higbee WMA; torn eyelid (multiflora rose); no tag,29.07569398
92,NJ,HIGBEE,12/5/2018,38.958672,-74.946853,176567,43209,NJ-2018-11,LC,1803-36610,No,1,0,209,76.5,41.8,37.1,139,Yes,NA,Spotlight; Higbee WMA,10.80879315
93,NJ,HIGBEE,12/5/2018,38.958672,-74.946853,176557,NA,NJ-2018-07,LC,1803-36611,No,0,0,154,63.9,35.7,31.8,125,Yes,NA,Spotlight; Higbee WMA,0.864207262
94,NJ,CMDWS,12/7/2018,38.93799,-74.944646,176566,43208,NJ-2018-09,TN,1803-36612,No,1,0,202,66.2,41,34.9,136,Yes,NA,Spotlight; Cape May Meadows,4.113822675
95,NJ,CMDWS,12/7/2018,38.93799,-74.944646,176562,43204,NJ-2018-10,TN,1803-36613,No,1,0,180,72.2,39.1,36.9,130,Yes,NA,Spotlight; Cape May Meadows,-17.16173219
96,NJ,HIGBEE,12/7/2018,38.958672,-74.946853,NA,NA,,TN,1803-36614,No,0,0,152,63.4,34.5,31.8,125,Yes,NA,Spotlight; Higbee WMA; no tag,-0.678248444
97,NJ,HIGBEE,12/7/2018,38.958672,-74.946853,NA,NA,,ACF,1803-36615,No,0,0,156,66.3,34.3,28.9,127,Yes,NA,Spotlight; Higbee WMA; no tag,3.398008938
98,NJ,HIGBEE,12/7/2018,38.958672,-74.946853,NA,NA,,TC,1803-36616,No,0,0,178,63.6,36.4,32.2,127,Yes,NA,Spotlight; Higbee WMA; no tag,24.59730642
99,NJ,HIGBEE,12/7/2018,38.958672,-74.946853,NA,NA,,ACF,1803-36611,Yes,NA,NA,NA,,NA,NA,NA,,NA,"Re-captured in same field as initial capture, no transmitter wear",NA
100,NJ,CMDWS,12/8/2018,38.93799,-74.944646,NA,NA,,ACF,1803-36617,No,0,0,160,61.6,34.4,30.9,124,Yes,NA,Spotlight; Cape May Meadows; no tag,7.359880247
101,NJ,CMDWS,12/8/2018,38.93799,-74.944646,NA,NA,,ACF,1803-36618,No,0,0,162,64.6,36.8,31.1,122,Yes,NA,Spotlight; Cape May Meadows; no tag,8.444791659
102,NJ,CMDWS,12/8/2018,38.93799,-74.944646,NA,NA,,ACF,1803-36619,No,0,0,168,65.4,65.6,31.8,130,Yes,NA,Spotlight; Cape May Meadows; no tag,3.463728597
103,VA,EASTVA,11/27/2018,37.431635,-77.004457,174341,NA,VA-2018-06,GC,1803-29501,No,0,1,151,65.5,36.9,30.9,128,"Yes, P10",NA,Mist net,-0.243949969
104,NJ,CMDWS,12/10/2018,38.93799,-74.944646,176563,43205,NJ-2018-12,LC,1803-36620,No,1,0,212,75.7,40.1,34.5,141,Yes,NA,Spotlight; Cape May Meadows,14.4569809
105,NJ,CMDWS,12/10/2018,38.93799,-74.944646,NA,NA,,LC,1803-36621,No,0,0,160,64.1,36.2,30.4,124,Yes,NA,Spotlight; Cape May Meadows; no tag,6.673563806
106,NJ,CMDWS,12/10/2018,38.93799,-74.944646,NA,NA,,ACF,1803-36622,No,0,0,164,66.8,37,33.8,135,Yes,NA,Spotlight; Cape May Meadows; no tag,10.36853428
107,NJ,CMDWS,12/10/2018,38.93799,-74.944646,NA,NA,,ACF,1803-36623,No,0,0,154,62.8,34.6,31.1,129,Yes,NA,Spotlight; Cape May Meadows; no tag,1.283622865
108,NJ,CMDWS,12/10/2018,38.93799,-74.944646,NA,NA,,ACF,1803-36619,Yes,0,0,NA,,NA,NA,NA,,NA,Spotlight; Cape May Meadows; no tag,NA
109,NJ,HIGBEE,12/10/2018,38.958672,-74.946853,NA,NA,,LC,1803-36624,No,0,0,156,62.5,35.9,30,123,No,NA,Spotlight; Higbee WMA; no tag,2.787949879
110,NJ,HIGBEE,12/10/2018,38.958672,-74.946853,NA,NA,,TC,1803-36625,No,0,0,166,63.7,33.8,31.5,129,No,NA,Spotlight; Higbee WMA; no tag,13.58865239
111,NJ,CMDWS,12/14/2018,38.93799,-74.944646,NA,NA,,TN,1803-36626,No,0,0,158,59.9,35.7,32.2,129,No,NA,Spotlight; Cape May Meadows; no tag,4.864207262
112,NJ,CMDWS,12/14/2018,38.93799,-74.944646,NA,NA,,TN,1383-94089,Yes,0,1,NA,,NA,NA,NA,,NA,Spotlight; Cape May Meadows; forgein re-cap,NA
113,NJ,CMNWR,12/14/2018,39.051883,-74.903514,176565,43207,NJ-2018-15,LC,1803-36627,No,1,0,208,74.8,40.1,33.9,138,Yes,NA,Spotlight; Cape May National Wildlife Refuge,10.4569809
114,NJ,CMNWR,12/14/2018,39.051883,-74.903514,NA,NA,,ACF,1803-36628,No,0,1,184,66.3,36.2,30.9,132,No,NA,Spotlight; Cape May National Wildlife Refuge; no tag,33.02295087
115,NJ,CMNWR,12/14/2018,39.051883,-74.903514,NA,NA,,ACF,1803-36629,No,0,0,165,63.1,36.8,32,123,No,NA,Spotlight; Cape May National Wildlife Refuge; no tag,11.44479166
116,NJ,CMNWR,12/14/2018,39.051883,-74.903514,NA,NA,,LC,1803-36630,No,0,0,150,60.4,35.2,30.8,131,No,NA,Spotlight; Cape May National Wildlife Refuge; no tag,-2.945149282
117,NJ,CMNWR,12/14/2018,39.051883,-74.903514,NA,NA,,ACF,1803-36631,No,0,0,184,63.9,38,32.5,127,No,NA,Spotlight; Cape May National Wildlife Refuge; no tag,29.98724736
118,NJ,CMNWR,12/14/2018,39.051883,-74.903514,NA,NA,,TN,1803-36632,No,0,0,178,69.5,38.2,32.9,135,No,NA,Spotlight; Cape May National Wildlife Refuge; no tag,23.91098998
119,NJ,CMNWR,12/14/2018,39.051883,-74.903514,NA,NA,,TN,1803-36633,No,0,0,165,64,38,36.8,127,No,NA,Spotlight; Cape May National Wildlife Refuge; no tag,10.98724736
120,NJ,CMNWR,12/14/2018,39.051883,-74.903514,176564,43206,NJ-2018-14,LC,1803-36634,No,1,0,248,71.7,36.3,40.4,137,Yes,NA,Spotlight; Cape May National Wildlife Refuge,51.90587116
121,VA,EASTVA,1/10/2019,37.431635,-77.004457,174336,NA,VA-2019-08,GC,1803-29701,No,0,0,158,63,36.1,30.5,123,"Yes, P10",NA,"Mist Netting, outer 3 <11mm",4.711692497
122,VA,EASTVA,1/10/2019,37.431635,-77.004457,174347,NA,VA-2019-11,GC,1803-29702,No,0,0,158,31.6,35.9,31,125.5,"Yes, P10",NA,"Mist Netting, outer 3 <10mm",4.787949879
123,VA,WCWMA,1/28/2019,37.453197,-76.772879,174348,NA,VA-2019-14,GC,1803-29703,No,0,0,140,68,35.8,30.4,123,"Yes, P10",NA,"Mist Netting, outer 3 <10mm",-13.17392143
124,VA,EASTVA,1/31/2019,37.431635,-77.004457,174347,NA,VA-2019-11,GC,1803-29702,Yes,NA,NA,NA,,NA,NA,NA,,NA,Recaptured and tag/bird is looking good,NA
125,VA,ESNWR,2/1/2019,37.135478,-75.960702,174530,945,,GC,1803-29704,No,0,1,145,65.1,36.1,31.5,126,"Yes, P10",NA,Flushed bird into net while mist netting,-5.93892044
126,VA,ESNWR,2/2/2019,37.135478,-75.960702,174351,946,,GC,1803-29705,No,0,0,130,64.2,37.2,31.6,126,"Yes, P10",NA,"Spotlighting, captured in the AM",-23.70772311
127,VA,CHKWMA,2/4/2019,37.313587,-76.89153,174349,NA,VA-2019-15,DLB,1803-29706,No,0,0,162,66,36,32,123,"Yes, P10",NA,Mist Netting; Displaying male peenting,8.749821188
128,MD,HALES,2/11/2019,38.4235,-75.9244,178477,NA,MD-2019-08,HW,1803-32501,No,0,1,144,64.4,37.2,33.8,126,Yes,NA,Spotlighting,-7.358336043
129,MD,HALES,2/11/2019,38.4235,-75.9244,178479,NA,,HW,1803-32502,No,1,0,204,68.2,38.3,36.4,140,Yes,NA,Spotlighting,7.143297338
130,MD,HALES,2/11/2019,38.4235,-75.9244,177725,NA,MD-2019-05,HW,1803-32503,No,0,1,162,64.9,37.1,33.6,129,Yes,NA,Spotlighting,10.67979265
131,MD,HALES,2/11/2019,38.4235,-75.9244,177732,NA,MD-2019-01,HW,1803-32504,No,1,0,202,73.2,41.1,34,138,Yes,NA,Spotlighting,4.075693984
132,MD,HALES,2/11/2019,38.4235,-75.9244,178478,NA,MD-2019-09,HW,1803-32505,No,1,1,192,69.7,40.9,35.2,146,Yes,NA,Spotlighting,-3.49866157
133,MD,HALES,2/11/2019,38.4235,-75.9244,177733,NA,MD-2019-02,HW,1803-32506,No,1,0,222,71.8,41.2,35.2,142,Yes,NA,Spotlighting,24.03756529
134,MD,HALES,2/11/2019,38.4235,-75.9244,178480,NA,MD-2019-03,HW,1803-32507,No,1,0,206,72.5,38.2,33.9,141,Yes,NA,Spotlighting,9.181426029
135,MD,HALES,2/11/2019,38.4235,-75.9244,177726,NA,MD-2019-06,HW,1803-32508,No,1,1,203,70.6,39.9,35.5,141,Yes,NA,Spotlighting,7.882625342
136,MD,HALES,2/11/2019,38.4235,-75.9244,177727,NA,MD-2019-07,HW,1803-32509,No,1,0,200,70.1,40.7,35.6,138,Yes,NA,Spotlighting,2.228208749
137,MD,HALES,2/11/2019,38.4235,-75.9244,177724,NA,MD-2019-04,HW,1803-32510,No,0,1,158,64.3,36.6,31.6,130,Yes,NA,Spotlighting,6.870436104
138,SC,WEBB,2/11/2019,32.60813,-81.301628,172215,NA,SC-2019-01,ACF,1713-14109,No,0,1,144,64.4,36.8,30.3,134,Yes,NA,Mist Nettting,-7.205821278
139,SC,WEBB,2/12/2019,32.60813,-81.301628,177720,NA,SC-2019-05,ZM,1713-14110,No,0,0,142,62.7,35.5,29.2,129,Yes,NA,Mist Netting,-11.05953536
140,SC,WEBB,2/12/2019,32.60813,-81.301628,176569,43211,SC-2019-02,ACF,1713-14111,No,1,0,196,69.9,42.6,35.7,134,Yes,NA,Spotlight in burned area,-2.496236384
141,SC,WEBB,2/12/2019,32.60813,-81.301628,172218,43253,SC-2019-04,ACF,1713-14112,No,1,1,210,71,40.2,36.1,141,Yes,NA,Spotlight in burned area,14.76823927
142,SC,WEBB,2/12/2019,32.60813,-81.301628,177734,43259,SC-2019-09,ACF,1713-14113,No,1,0,204,71.6,39.3,32.8,140,Yes,NA,Spotlight in burned area,6.762010426
143,SC,WEBB,2/12/2019,32.60813,-81.301628,172216,43251,SC-2019-08,MH,1713-14114,No,1,0,180,75.5,41,36,141,Yes,NA,Spotlight in burned area,-17.88617732
144,SC,WEBB,2/12/2019,32.60813,-81.301628,177723,NA,SC-2019-06,MH,1713-14115,No,0,0,150,64.8,36.6,31.4,130,Yes,NA,Spotlight in burned area,-3.478950959
145,SC,WEBB,2/12/2019,32.60813,-81.301628,177217,43252,SC-2019-03,ACF,1713-14116,No,1,1,204,69.5,39.5,35.3,146,Yes,NA,Spotlight in burned area,9.035140106
146,SC,WEBB,2/13/2019,32.60813,-81.301628,177737,43262,SC-2019-07,AA,1713-14117,No,1,0,198,77.4,41.2,36.8,144,Yes,NA,Mist Netting,0.037565293
147,SC,WEBB,2/13/2019,32.60813,-81.301628,NA,NA,,ACF,1713-14118,No,0,1,128,66.1,36.2,33.1,130,Yes,NA,Mist Netting,-22.97704913
148,SC,WEBB,2/13/2019,32.60813,-81.301628,NA,NA,,ACF,1713-14119,No,1,0,196,75,34,40.5,137,Yes,NA,Spotlight in burned area,0.782831059
149,VA,EASTVA,2/6/2019,37.431635,-77.004457,NA,NA,,GC,1803-29707,No,0,0,155,,NA,NA,NA,No,NA,Spotlight (<11mm),NA
150,VA,EASTVA,2/12/2019,37.431635,-77.004457,NA,NA,,GC,1803-29713,No,0,0,153,67.5,NA,NA,127,No,NA,Spotlight (<11mm),NA
151,VA,EASTVA,2/12/2019,37.431635,-77.004457,NA,NA,,GC,1803-29714,No,1,1,186,70.5,NA,NA,141,No,NA,Spotlight (~14 mm),NA
152,VA,EASTVA,2/13/2019,37.431635,-77.004457,174347,NA,VA-2019-11,GC,1803-29702,Yes,0,0,NA,,NA,NA,NA,No,NA,Mist net,NA
153,VA,EASTVA,2/13/2019,37.431635,-77.004457,NA,NA,,GC,1803-29709,No,0,1,170,64.5,NA,NA,129,No,NA,Mist net (<12mm),NA
154,VA,ESNWR,2/7/2019,37.135478,-75.960702,174355,43317,VA-2019-16,GC,1803-29708,No,1,0,190,73.8,40.5,36,137,Yes,NA,Mist net (16.2 outer 3 primaries),-7.695533869
155,VA,ESNWR,2/7/2019,37.135478,-75.960702,174358,43320,VA-2019-17,GC,1803-29711,No,1,1,180,73.6,40.8,35.1,139,Yes,NA,Mist net (14.2 outer 3 primaries),-15.46053288
156,VA,ESNWR,2/8/2019,37.135478,-75.960702,NA,NA,,GC,1803-29710,No,0,0,152,60.6,36.4,31.6,127,no,NA,Mist net (11mm outer 3 primaries),-1.402693576
157,VA,ESNWR,2/8/2019,37.135478,-75.960702,NA,NA,,GC,1803-29712,No,0,0,160,65,NA,NA,NA,no,NA,Mist net (<11mm),NA
158,NC,FLATRI,2/18/2019,36.102228,-78.805408,177721,93,NC-2019-01,ACF,1713-14120,No,0,0,134,62.3,35.1,31.1,125,Yes,NA,Spotlighting on peenitng grounds,-18.90702059
159,NC,FLATRI,2/18/2019,36.102228,-78.805408,177213,NA,NC-2019-02,BH,1713-14121,No,0,0,152,63.1,36.2,32.5,131,Yes,NA,Spotlighting while bird was peenting,-1.326436194
160,NC,FLATRI,2/19/2019,36.102228,-78.805408,176553,NA,NC-2019-05,CL,1713-14122,No,0,1,148,61.9,35.2,29.5,131,Yes,NA,Spotlighting,-2.595762219
161,NC,FLATRI,2/19/2019,36.102228,-78.805408,177736,42261,,CB,1713-14123,No,1,1,196,71,39.8,35.9,144,Yes,NA,Spotlighting,0.920754033
162,NC,FLATRI,2/19/2019,36.102228,-78.805408,177722,NA,NC-2019-03,BH,1713-14124,No,0,1,154,65.2,37.5,31.7,134,Yes,NA,Spotlighting,2.527277883
163,NC,FLATRI,2/19/2019,36.102228,-78.805408,NA,NA,,CL,1713-14125,No,0,0,150,64.1,37.3,31.6,134,Yes,NA,Spotlighting,-3.745851797
164,NC,FLATRI,2/19/2019,36.102228,-78.805408,NA,NA,,BH,1713-14126,No,0,0,186,63.8,36.6,29.6,128,Yes,NA,Spotlighting,32.52104904
165,NC,FLATRI,2/19/2019,36.102228,-78.805408,NA,NA,,BH,1713-14127,No,0,0,188,61,36,31.8,129,Yes,NA,Spotlighting,34.74982119
166,NC,FLATRI,2/19/2019,36.102228,-78.805408,NA,NA,,CL,1713-14128,No,0,0,157,64,36.1,33,125,Yes,NA,Spotlighting,3.711692497
167,NC,FLATRI,2/19/2019,36.102228,-78.805408,NA,NA,,CB,1713-14129,No,0,0,142,64,NA,NA,127,Yes,NA,Spotlighting; forehead bleeding from scrap,NA
168,NC,FLATRI,2/20/2019,36.102228,-78.805408,NA,NA,,ACF,1713-14130,No,0,0,130,64.9,34.5,30.1,126,Yes,NA,Spotlighting; harvested on 1/28/2020; same site as banded,-22.67824844
169,NC,FLATRI,2/20/2019,36.102228,-78.805408,177735,43260,NC-2019-04,CB,1713-14131,No,1,1,248,76.2,39.5,33.5,141,Yes,NA,Spotlighting; small amount of blood on leg,53.03514011
170,NJ,HIGBEE,2/27/2019,38.958672,-74.946853,176560,NA,,ACF,1803-36635,No,0,0,160,65.4,35.5,31.1,127,Yes,NA,Spotlighting,6.940464644
171,NJ,CMDWS,2/28/2019,38.93799,-74.944646,NA,NA,,ACF,1803-36622,Yes,0,0,NA,,NA,NA,NA,No,NA,Spotlighting,NA
172,NJ,CMDWS,2/28/2019,38.93799,-74.944646,NA,NA,,ACF,1803-36637,No,0,0,170,63.2,36.7,32,125,Yes,NA,Spotlighting,16.48292035
173,NJ,CMDWS,3/3/2019,38.93799,-74.944646,176567,43209,,LC,1803-36636,No,1,0,200,74.4,41.1,35.1,139,Yes,NA,Spotlight; Cape May National Wildlife Refuge; unit redeployed ,2.075693984
174,MD,MBWMA,3/14/2019,39.08225,-77.3871,NA,NA,,HW,1803-32511,No,0,0,134,62.2,36.5,31.8,117,Yes,NA,Spotlighting,-19.44082227
175,VA,WCWMA,3/30/2019,37.453197,-76.772879,174354,NA,VA-2019-21,GC,1803-29728,No,0,1,163,65.2,35.2,31.2,127,Yes,NA,Mist net,12.40423778
176,VA,HVALLEY,3/28/2019,38.101334,-79.813194,174352,NA,VA-2019-20,AB,1803-29554,No,0,1,151,62.9,35.7,31.1,118,Yes,NA,"Mist net; ""Little Al""",0.213594325
177,VA,HVALLEY,4/4/2019,38.101334,-79.813194,174360,NA,VA-2019-22,AB,1803-29555,No,1,1,177,72.5,41.3,39.9,149,Yes,NA,"Hand netted on nest; ""Lacey""",-18.65117634
178,VA,HVALLEY,4/8/2019,38.101334,-79.813194,174359,NA,VA-2019-24,AB,1803-29556,No,1,1,234,72.4,41.2,38.9,144,Yes,NA,"Night lihgt; retained juvenile feathers; ""Debbie""",38.38695236
179,VA,HVALLEY,4/8/2019,38.101334,-79.813194,174357,NA,VA-2019-23,AB,1803-29557,No,1,1,214,69,41,39.4,145,Yes,NA,"Nightlight; ""Chelsey""",18.46320974
180,VA,HVALLEY,4/8/2019,38.101334,-79.813194,174345,NA,VA-2019-25,AB,1803-29558,No,1,1,228,69.4,43.1,38.8,140,Yes,NA,"Nightlight; ""Kim""; juvenile feathers retained",31.66250722
181,VA,HVALLEY,4/8/2019,38.101334,-79.813194,174346,NA,VA-2019-12,AB,1803-29559,No,0,1,202,69.4,38.4,38.6,136,Yes,NA,"Nightlighted; ""Gary""",50.18411966
182,VA,WTRACT,4/10/2019,38.169663,-79.574394,174344,NA,VA-2019-10,AB,1803-29560,No,0,1,126,65,36.2,35.8,128,Yes,NA,"Mist Net; ""Philip""",-24.97704913
183,VA,WTRACT,4/16/2019,38.169663,-79.574394,174339,NA,VA-2019-26,AB,1803-29729,No,0,1,132,63,36,34.1,127,Yes,NA,"Mist net ""David""; retained juvenile feathers",-18.90079175
184,QUE,NOCHES,9/9/2019,48.308412,-71.031196,183486,43834,QUE-2019-11,ACF,1873-05208,No,1,0,195,74,42,35.8,136,Yes,NA,238-43; mist net,-3.267464236
185,QUE,NOCHES,9/9/2019,48.308412,-71.031196,174534,NA,QUE-2019-07,SWM,1873-05209,No,0,0,128,61.6,35.8,29.7,129,Yes,NA,170-42; left toenail broken; frequent; mist net,-25.17392143
186,QUE,NOCHES,9/9/2019,48.308412,-71.031196,178245,NA,QUE-2019-08,SWM,1873-05210,No,0,0,152,61,36.7,31.3,130,Yes,NA,194-42; infrequent; mist net,-1.51707965
187,QUE,NOCHES,9/9/2019,48.308412,-71.031196,183487,43835,QUE-2019-12,ACF,1873-05211,No,1,1,182,76.4,40.6,35.2,136,Yes,NA,196-14; mist net,-13.3842755
188,QUE,NOCHES,9/9/2019,48.308412,-71.031196,178251,NA,QUE-2019-09,SWM,1873-05212,No,0,0,156,64.3,37.7,32.4,130,Yes,NA,170-14; frequent; mist net,2.101633438
189,QUE,NOCHES,9/9/2019,48.308412,-71.031196,183485,43833,QUE-2019-10,ACF,1873-05213,No,1,1,200,76.2,43.2,36.4,132,Yes,NA,240-40; mist net,3.624378532
190,QUE,NOCHES,9/9/2019,48.308412,-71.031196,174527,NA,QUE-2019-06,SWM,1873-05214,No,1,1,189,71.7,41.1,34.5,135,Yes,NA,232-43; frequent; msit net,-6.574918953
191,QUE,AUTHIER-NORD,9/12/2019,48.83908,-78.82718,174533,NA,QUE-2019-13,SWM,1873-05215,No,0,0,160,67.4,36.6,31.8,124,Yes,NA,204-44; mist net; infrequent,6.521049041
192,QUE,AUTHIER-NORD,9/12/2019,48.83908,-78.82718,178248,NA,QUE-2019-14,SWM,1873-05216,No,0,0,160,69.7,37.7,33.9,132,Yes,NA,200-40; mist net; frequent,6.101633438
193,QUE,AUTHIER-NORD,9/13/2019,48.83908,-78.82718,178242,NA,QUE-2019-15,SWM,1873-05217,No,1,0,193,69.8,40.4,35.6,136,Yes,NA,265-72; mist net; frequent,-4.657405177
194,ONT,PAINKILLER,9/15/2019,48.5890371,-80.3815282,178247,NA,ONT-2019-05,SWM,1873-05218,No,1,1,203,74.8,41.4,37.1,142,Yes,NA,235-32; mist net; frequent,7.310694974
195,ONT,PAINKILLER,9/15/2019,48.5890371,-80.3815282,178246,NA,ONT-2019-03,SWM,1873-05219,No,1,0,185,70,39.4,34.3,136,Yes,NA,217-32; mist net; frequent,-12.27611827
196,ONT,PAINKILLER,9/16/2019,48.5890371,-80.3815282,178244,NA,ONT-2019-04,SWM,1873-05220,No,0,0,160,63.7,37.3,33.4,124,Yes,NA,202-42; mist net; infrequent,6.254148203
197,NY,TOMS,9/18/2019,43.789446,-75.658769,175763,43085,NY-2019-10,SRH,1873-04657,No,1,1,200,72,40,37,140,Yes,NA,225-25; mist net; frequent,4.84449665
198,NY,TOMS,9/19/2019,43.789446,-75.658769,175766,43088,NY-2019-11,SRH,1873-04658,No,1,0,191,74,40,37,135,Yes,NA,Mist net,-6.504890413
199,NY,TOMS,9/19/2019,43.789446,-75.658769,183767,43817,NY-2019-12,SRH,1873-04659,No,1,0,190,74,42,36,135,Yes,NA,Mist net,-8.267464236
200,NY,BUFFALO,9/21/2019,43.212556,-79.04675,183769,43819,NY-2019-19,ACF,1873-04681,No,1,0,180,73.3,41.5,35,129,Yes,NA,Mist net; 222-42,-18.07682078
201,NY,BUFFALO,9/21/2019,43.212556,-79.04675,183755,NA,NY-2019-16,DBM,1873-04682,No,0,0,148,61,36,30,121,Yes,NA,Spotlight; frequent; 190-42,-5.250178812
202,NY,BUFFALO,9/22/2019,43.212556,-79.04675,183768,83818,,DBM,1873-04683,No,1,0,192,71,40,39,138,Yes,NA,Spotlight; Frequent; 233-41,-5.504890413
203,NY,BUFFALO,9/23/2019,43.212556,-79.04675,183762,NA,NY-2019-18,DBM,1873-04684,No,0,1,146,62,36,30,125,Yes,NA,Spotlight; infrequent; 192-46,-4.900791749
204,NY,BUFFALO,9/23/2019,43.212556,-79.04675,183750,NA,NY-2019-32,DBM,1873-04685,No,0,1,137,69,35,30,122,Yes,NA,Spotlight; frequent; 157-20,-13.51950484
205,NY,BUFFALO,9/23/2019,43.212556,-79.04675,183756,NA,NY-2019-17,DBM,1873-04686,No,1,0,198,72,40,35,136,Yes,NA,Spotlight; frequent; 240-42,0.495109587
206,NY,BUFFALO,9/25/2019,43.212556,-79.04675,183754,NA,NY-2019-29,DBM,1873-04687,No,1,0,198,69,40,35,138,Yes,NA,Spotlight; infrequent; 218-20,0.495109587
207,NY,BUFFALO,9/25/2019,43.212556,-79.04675,183751,NA,NY-2019-36,DBM,1873-04688,No,1,1,182,69,39,35,141,Yes,NA,Spotlight; frequent; 202-20,-12.77421644
208,NY,BUFFALO,9/25/2019,43.212556,-79.04675,183758,NA,NY-2019-26,DBM,1873-04689,No,1,1,184,73,40,39,136,Yes,NA,Spotlight; frequent; 204-20,-11.15550335
209,NY,BUFFALO,9/27/2019,43.212556,-79.04675,183765,NA,NY-2019-28,DBM,1873-04690,No,1,1,190,70,42,35,138,Yes,NA,Spotlight; infrequent; 210-20,-5.918077173
210,NY,BUFFALO,9/28/2019,43.212556,-79.04675,NA,NA,,DBM,1873-04691,No,0,0,144,64,36,30,130,Yes,NA,Spotlight; 166-22,-9.250178812
211,NY,BUFFALO,9/28/2019,43.212556,-79.04675,NA,NA,,DBM,1873-04692,No,1,1,192,72,42,33,143,Yes,NA,Spotlight; 214-22,-3.918077173
212,NY,BUFFALO,9/28/2019,43.212556,-79.04675,NA,NA,,DBM,1873-04693,No,1,1,190,73,37,33,136,Yes,NA,Spotlight; 212-20,-4.011642614
213,NY,BUFFALO,9/28/2019,43.212556,-79.04675,NA,NA,,DBM,1873-04694,No,1,1,192,73,42,36,145,Yes,NA,Spotlight; 212-20,-3.918077173
214,NY,BUFFALO,9/28/2019,43.212556,-79.04675,NA,NA,,DBM,1873-04695,No,1,1,222,72,42,34,146,Yes,NA,Spotlight; 244-22,26.08192283
215,NY,HIGHTOR,9/24/2019,42.64105,-77.36901,182675,NA,NY-2019-24,WV,1873-04640,No,1,1,199,70,39.4,33.4,141,Yes,NA,Mist Net; hunter harvest on 10/29/2019; transmitter still on the bird,4.073268797
216,NY,HIGHTOR,9/24/2019,42.64105,-77.36901,182684,NA,NY-2019-31,WV,1873-04642,No,1,1,177,68.4,39.3,34.2,138,Yes,NA,Unknown,-17.88860251
217,NY,HIGHTOR,9/24/2019,42.64105,-77.36901,182678,NA,NY-2019-35,WV,1873-04644,No,1,0,193,72,39,32.5,133,Yes,NA,Unknown,-4.123603501
218,NY,HIGHTOR,9/24/2019,42.64105,-77.36901,175752,NA,NY-2019-14,LMW,1873-04641,No,0,0,155,61.2,34.6,28.5,125,Yes,NA,Mist Net,2.283622865
219,NY,HIGHTOR,9/24/2019,42.64105,-77.36901,175756,NA,NY-2019-15,KGR,1873-04643,No,1,0,192,67.6,39.4,32.4,139,Yes,NA,Unknown,-5.276118266
220,NY,FLNF,10/1/2019,42.433,-76.8356,175753,NA,NY-2019-20,KGR,1873-04650,No,0,0,160,65,34,30,117,Yes,NA,Spotlight,7.512395012
221,NY,HIGHTOR,10/2/2019,42.64105,-77.36901,175751,NA,NY-2019-13,KGR,1873-04649,No,1,1,194,73,39,34,134,Yes,NA,Spotlight,-0.774216438
222,NY,TOMS,9/25/2019,43.789446,-75.658769,NA,NA,,SRH,,,NA,NA,NA,,NA,NA,NA,Yes,NA,Not banded; two broken toes,NA
223,NY,TOMS,9/26/2019,43.789446,-75.658769,183766,43816,NY-2019-34,SRH,1873-04660,No,1,1,195,73,40,35,148,Yes,NA,Mist Net,-0.15550335
224,NY,TOMS,9/26/2019,43.789446,-75.658769,175759,NA,NY-2019-21,SRH,1873-04661,No,0,1,181,62,40,35,140,Yes,NA,Mist Net,28.5740606
225,NY,TOMS,10/1/2019,43.789446,-75.658769,183759,NA,NY-2019-30,SRH,1873-04662,No,0,0,132,62,38,34,125,Yes,NA,Mist Net,-22.01275264
226,NY,OAKORC,9/26/2019,43.130715,-78.314029,175748,NA,,WW,1873-04629,No,1,0,210,72,40,34,140,No,NA,Spotlight,12.49510959
227,NY,JWHITE,9/20/2019,43.079858,-78.383098,175765,43087,NY-2019-23,WW,1873-04628,No,1,1,189,72,39,32,139,No,NA,Spotlight,-5.774216438
228,NY,SHARON,9/25/2019,42.763646,-74.532847,183757,NA,NY-2019-25,RJM,1873-04676,No,0,1,142,61,34,30,120,Yes,NA,Spotlight; 162-20; ,-8.138217925
229,NY,SHARON,9/23/2019,42.763646,-74.532847,183763,NA,NY-2019-27,Karl,1873-04601,No,1,0,205,72,39.4,26.5,140,Yes,NA,Spotlighting,7.723881734
230,PA,SGL314,9/25/2019,41.978575,-80.493135,182681,NA,PA-2019-12,JS/TH,1873-04219,No,0,0,140,59.9,35.72,30.6,124,Yes,NA,Spotlighting,-13.14341848
231,PA,SGL314,9/25/2019,41.978575,-80.493135,182682,NA,PA-2019-13,JS/TH,1873-04220,No,0,0,145,62.9,36.7,30.9,127,Yes,NA,Spotlighting,-8.51707965
232,PA,SGL314,9/25/2019,41.978575,-80.493135,182691,43825,,JS/TH,1873-04221,No,1,1,190,70.41,40.65,34,146,Yes,NA,Spotlighting,-5.403339842
233,PA,SGL314,9/25/2019,41.978575,-80.493135,NA,NA,,JS/TH,1873-04222,No,0,0,140,57.9,32.5,28.4,126,Yes,NA,Spotlighting,-11.91567462
234,PA,SGL314,9/25/2019,41.978575,-80.493135,182685,NA,,JS/TH,1873-04223,No,0,1,150,63.6,37.5,32.4,132,Yes,NA,Spotlighting,-1.472722117
235,PA,SGL314,9/25/2019,41.978575,-80.493135,NA,NA,,JS/TH,1873-04224,No,0,1,140,63.85,35.9,30.7,126,Yes,NA,Spotlighting,-10.86266306
236,PA,SGL314,10/2/2019,41.978575,-80.493135,182689,43823,PA-2019-14,JS/TH,1873-04225,No,1,0,200,73.9,39.3,33.9,136,Yes,NA,Spotlighting; Harvested on 11/09/2019; transmitter still attached,2.762010426
237,PA,SGL314,10/2/2019,41.978575,-80.493135,182694,43828,,JS/TH,1873-04226,No,1,1,195,73.6,40.6,34.2,143,Yes,NA,Spotlighting,-0.384275497
238,PA,SGL314,10/2/2019,41.978575,-80.493135,NA,NA,,JS/TH,1873-04227,No,1,1,NA,,NA,NA,NA,Yes,NA,Spotlighting; banded and released,NA
239,NY,BUFFALO,10/7/2019,43.212556,-79.04675,175761,NA,NY-2019-22,DBM,1873-04630,No,0,1,173,64,36,31,131,Yes,NA,Spotlight; 195-22,22.09920825
240,NY,BUFFALO,10/7/2019,43.212556,-79.04675,NA,NA,,DBM,1873-04631,No,0,0,154,65,37,29,125,Yes,NA,Spotlight; 176-22,0.368534276
241,NY,BUFFALO,10/7/2019,43.212556,-79.04675,183753,NA,NY-2019-33,DBM,1873-04632,No,1,0,198,74,39,34,140,Yes,NA,Spotlight; 220-22,0.876396499
242,NY,BUFFALO,10/7/2019,43.212556,-79.04675,183764,NA,NY-2019-37,DBM,1873-04633,No,0,1,152,62,35,27,122,Yes,NA,Spotlight; 174-22,1.480495163
243,NS,PVALLEY,10/7/2019,45.251183,-63.346157,183488,43836,NS-2019-02,SWM,1873-05221,No,1,0,196,73.5,37.2,34,134,Yes,NA,Mist net; 238-42,-0.437287059
244,NS,PVALLEY,10/7/2019,45.251183,-63.346157,177214,NA,NS-2019-04,JBP,1873-05222,No,1,0,165,68.6,36.7,30.9,131,Yes,NA,Mist net; 207-42; frequent,-31.2466436
245,NS,PVALLEY,10/8/2019,45.251183,-63.346157,178243,NA,NS-2019-05,JBP,1873-05223,No,0,0,152,64.3,35,32.9,124,Yes,NA,Mist net; 196-44; infrequent,-0.8688919
246,NS,PVALLEY,10/8/2019,45.251183,-63.346157,178249,NA,,JBP,1873-05224,No,0,0,145,64,36.3,33.1,124,Yes,NA,Mist net; 191-46; frequent; did not fly - wing strain; blood in mouth,-8.364564885
247,NS,PVALLEY,10/9/2019,45.251183,-63.346157,183497,NA,NS-2019-06,JBP,1873-05225,No,1,0,186,73.6,40.5,34,139,Yes,NA,Mist net; frequent; 230-44,-11.69553387
248,NS,PVALLEY,10/10/2019,45.251183,-63.346157,183498,NA,NS-2019-03,ACF,1873-05401,No,1,0,219,71.1,41.1,35.2,143,Yes,NA,Mist net; infrequent; 261-42,21.07569398
249,NS,PVALLEY,10/10/2019,45.251183,-63.346157,178250,NA,NS-2019-01,ACF,1873-05402,No,0,0,167,67,37,32.9,123,Yes,NA,Mist net; frequent; 211-44,13.36853428
250,NS,PVALLEY,10/11/2019,45.251183,-63.346157,NA,NA,,SWM,1873-05403,No,0,1,NA,,NA,NA,NA,Yes,NA,Mist net; no tag band only; bird tore skin between wing and body; bleeding on side of body,NA
251,VA,WTRACT,10/16/2019,38.169663,-79.574394,195855,1319,,VDGIF,1803-29730,No,1,0,185,69,25.6,23,138,No,NA,Spotlighting; bird held overnight and released the following morning,-7.014358882
252,PA,SGL219HH,9/30/2019,41.962015,-76.233311,182677,NA,PA-2019-17,LW,1873-04261,No,0,0,147,62,40,38,125,Yes,NA,nightlighting; ,-7.775326459
253,PA,SGL219HH,9/30/2019,41.962015,-76.233311,182673,NA,PA-2019-16,LW,1873-04262,No,1,1,185,73,42,36,135,Yes,NA,Mist net; ,-10.91807717
254,PA,SGL219HH,9/30/2019,41.962015,-76.233311,182679,NA,PA-2019-20,LW,1873-04263,No,1,1,173,72,40,34,138,Yes,NA,3 outer primariles molting; ,-22.15550335
255,PA,SGL219HH,10/1/2019,41.962015,-76.233311,182686,43820,PA-2019-18,LW,1873-04264,No,1,1,190,70,42,34,135,Yes,NA,Leg - Mist net; ,-5.918077173
256,PA,SGL219M,10/1/2019,41.982989,-76233311,NA,NA,,LW,1873-04265,No,0,0,150,66,40,32,115,Yes,NA,band only; thin keel; abrasion on wing; ,-4.775326459
257,PA,SGL219M,10/1/2019,41.982989,-76233311,NA,NA,,LW,1873-04266,No,0,0,150,70,39,31,134,Yes,NA,band only; thin keel; abrasion on wing; ,-4.394039547
258,PA,SGL219HH,10/1/2019,41.962015,-76.233311,NA,NA,,LW,1873-04267,No,0,0,155,64,37,34,129,Yes,NA,band only; thin keel; hunter harvest on 10/10/2019,1.368534276
259,PA,SGL219HH,10/2/2019,41.962015,-76.233311,182687,43821,PA-2019-19,LW,1873-04268,No,1,1,190,72,41,34,148,Yes,NA,,-5.536790262
260,PA,SGL219HH,10/2/2019,41.962015,-76.233311,NA,NA,,LW,1873-04269,No,0,0,143,63,35,30,128,Yes,NA,,-9.8688919
261,PA,SGL219M,10/2/2019,41.982989,-76233311,182690,43824,PA-2019-15,LW,1873-04270,No,1,1,187,69,41,36,141,Yes,NA,,-8.536790262
262,VA,WTRACT,10/26/2019,38.169663,-79.574394,195857,1321,VA-2019-32,GN,1803-29731,No,0,0,144,62.5,36.2,34.5,127,Yes,NA,Spotlighting,-9.326436194
263,VA,WTRACT,10/26/2019,38.169663,-79.574394,195881,43888,VA-2019-33,GN,1803-29737,No,1,1,198,71.7,40.1,35.8,145,Yes,NA,Spotlighting,2.806367959
264,VA,WTRACT,10/30/2019,38.169663,-79.574394,195882,43889,VA-2019-36,AB,no band,No,1,1,176,72,36,34,142,Yes,NA,Spotlighting; no band just transmitter,-17.6303557
265,VA,WTRACT,10/30/2019,38.169663,-79.574394,195880,43887,VA-2019-35,AB,no band,No,1,0,178,70,38,35,137,Yes,NA,Spotlighting; no band just transmitter,-18.74231659
266,VA,WTRACT,10/30/2019,38.169663,-79.574394,195879,43886,VA-2019-34,AB,no band,No,1,0,188,71,40,37,138,Yes,NA,Spotlighting; no band just transmitter,-9.504890413
267,VA,WTRACT,10/30/2019,38.169663,-79.574394,195853,1317,VA-2019-26,AB,1803-29729,Yes,0,1,149,64,35,33,125,No,NA,Spotlighting; recapture and change out transmitter,-1.519504837
268,VA,WTRACT,10/30/2019,38.169663,-79.574394,NA,NA,,AB,no band,No,0,0,146,64,NA,NA,NA,No,NA,Spotlighting; no band,NA
269,VA,WTRACT,10/30/2019,38.169663,-79.574394,NA,NA,,AB,no band,No,1,1,148,71,NA,NA,132,No,NA,Spotlighting; no band,NA
270,VA,WTRACT,10/30/2019,38.169663,-79.574394,NA,NA,,AB,no band,No,0,0,138,68,NA,NA,129,No,NA,Spotlighting; no band,NA
271,WV,CVNWR,10/21/2019,39.066478,-79.427468,194487,NA,WV-2019-03,LG,1873-11201,No,0,1,175,62.6,37.8,32.9,123,Yes,NA,Mist net,23.41289181
272,WV,CVNWR,10/21/2019,39.066478,-79.427468,183490,43838,WV-2019-01,LG,1873-11202,No,1,0,189,75.3,40.7,33.9,142,Yes,NA,Spotlighting,-8.771791251
273,WV,CVNWR,10/22/2019,39.066478,-79.427468,194488,NA,WV-2019-02,LG,1873-11203,No,0,0,153,66,35.2,29.8,124,Yes,NA,Mist net,0.054850718
274,WV,CVNWR,10/23/2019,39.066478,-79.427468,NA,NA,,LG,1873-11204,No,0,NA,145,65.7,36.1,30.5,122,No,NA,Mist net; bird was stressed and relaeased without transmitter,NA
275,WV,CVNWR,10/29/2019,39.066478,-79.427468,194486,NA,WV-2019-04,LG,1873-11205,No,0,0,153,65.3,36.7,28.5,124,Yes,NA,Mist net; 232-79,-0.51707965
276,VA,WTRACT,10/22/2019,38.169663,-79.574394,195875,1339,VA-2019-30,GN,1803-29732,No,0,0,150,64,34,32,127,No,NA,Spotlighting,-2.487604988
277,VA,WTRACT,10/22/2019,38.169663,-79.574394,195878,43885,VA-2019-31,GN,1803-29733,No,1,1,190,72,41.2,39.7,142,No,NA,Spotlighting,-5.613047644
278,VA,WTRACT,10/22/2019,38.169663,-79.574394,195873,1337,VA-2019-29,GN,1803-29734,No,1,0,174,75,40.5,33.4,139,No,NA,Spotlighting,-23.69553387
279,VA,WTRACT,10/22/2019,38.169663,-79.574394,195856,1320,VA-2019-28,GN,1803-29735,No,0,0,160,64,35.2,30.4,128,No,NA,Spotlighting,7.054850718
280,VA,WTRACT,10/22/2019,38.169663,-79.574394,195852,1316,VA-2019-27,GN,1803-29736,No,0,1,161,63,38.8,37.6,135,No,NA,Spotlighting,9.031604898
281,RI,TILLING,9/3/2019,41.650068,-71.760677,176543,NA,RI-2019-24,CLG,1713-83195,No,0,1,158,66,NA,NA,122,Yes,NA,Spotlighting,NA
282,RI,FCARTER,9/14/2019,41.436684,-71.688709,176538,NA,RI-2019-20,CLG,1873-09001,No,0,1,144,65,NA,NA,122,Yes,NA,Spotlighting,NA
283,RI,GRSWMP,9/20/2019,41.455399,-71.590703,176547,NA,RI-2019-16,CLG,1713-83193,No,0,1,138,65,NA,NA,123,Yes,NA,Spotlighting,NA
284,RI,FCARTER,9/23/2019,41.436684,-71.688709,175921,NA,RI-2019-19,CLG,1713-83199,No,0,1,138,66,NA,NA,120,No,NA,Spotlighting,NA
285,RI,FCARTER,9/24/2019,41.436684,-71.688709,176551,43091,RI-2019-27,CLG,1873-09009,No,1,1,198,,NA,NA,NA,No,NA,Spotlighting,NA
286,RI,GRSWMP,9/27/2019,41.455399,-71.590703,183495,NA,RI-2019-17,CLG,1873-09003,No,0,1,142,67,NA,NA,121,yes,NA,Spotlighting,NA
287,RI,BRIVER,10/2/2019,41.649853,-71.578026,183493,NA,RI-2019-18,CLG,1873-09006,No,0,1,135,65,NA,NA,123,yes,NA,Spotlighting; Recaptured 5/28/2020 with tag still attached; tag removed and VHF attached,NA
288,RI,BRIVER,10/6/2019,41.649853,-71.578026,175923,NA,RI-2019-29,CLG,1873-09010,No,0,1,166,66,NA,NA,126,Yes,NA,Spotlighting,NA
289,RI,GRSWMP,10/7/2019,41.455399,-71.590703,176546,NA,RI-2019-21,CLG,1873-09011,No,0,1,158,66,NA,NA,124,yes,NA,Spotlighting,NA
290,RI,GRSWMP,10/11/2019,41.455399,-71.590703,176552,43092,RI-2018-11,CLG,1713-83182,Yes,1,1,184,71,NA,NA,133,no,NA,Spotlighting,NA
291,RI,FCARTER,10/16/2019,41.436684,-71.688709,183494,NA,RI-2019-28,CLG,1713-83200,No,0,1,160,65,NA,NA,124,yes,NA,Spotlighting,NA
292,RI,GRSWMP,10/16/2019,41.455399,-71.590703,183492,NA,RI-2019-23,CLG,1713-83198,No,0,1,141,66,NA,NA,120,no,NA,Spotlighting; recaptured 3/4/2020 with tag still attached; tag removed and VHF attached,NA
293,RI,BRIVER,10/31/2019,41.649853,-71.578026,183491,NA,RI-2019-26,CLG,1873-09005,No,0,1,135,66,NA,NA,121,yes,NA,Spotlighting,NA
294,RI,FCARTER,11/1/2019,41.436684,-71.688709,183484,43832,RI-2019-25,CLG,1873-09002,No,1,1,190,70,NA,NA,129,yes,NA,Spotlighting,NA
295,RI,GRSWMP,11/5/2019,41.455399,-71.590703,176539,NA,RI-2019-22,CLG,1873-09012,No,0,1,145,68,NA,NA,119,yes,NA,Spotlighting,NA
296,VA,WCWMA,11/15/2019,37.453197,-76.772879,195886,43893,VA-2019-42,GC,1803-29744,No,1,0,195,76,41,35.9,137,Yes,NA,Spotlighting,-2.886177325
297,VA,FEATHERFIN,11/18/2019,37.37032,-78.5854,195859,NA,VA-2019-39,AB,1803-29532,No,0,0,140,60,35.5,31,124,Yes,NA,Spotlighting,-13.05953536
298,VA,FEATHERFIN,11/18/2019,37.37032,-78.5854,195860,NA,VA-2019-37,AB,1803-29533,No,0,0,137,54,27,22,124,Yes,NA,Spotlighting,-12.8185966
299,VA,FEATHERFIN,11/18/2019,37.37032,-78.5854,195883,43890,VA-2019-38,AB,1803-29534,No,1,1,185,72,30,24,146,Yes,NA,Spotlighting,-6.342634231
300,VA,FEATHERFIN,11/18/2019,37.37032,-78.5854,195861,NA,VA-2019-40,AB,1803-29540,No,1,0,146,68,38,34,132,Yes,NA,Spotlighting,-50.74231659
301,VA,FEATHERFIN,11/18/2019,37.37032,-78.5854,195864,NA,,SP,1803-29535,No,0,1,141,68,31,26,125,Yes,NA,Spotlighting; bird carcass recovered the following day; likely died of capture related injury; no obvious injury; bird acting slightly lethargic upon release,-7.994357189
302,VA,FEATHERFIN,11/18/2019,37.37032,-78.5854,195884,43891,VA-2019-41,AB,1803-29537,No,1,1,160,68,41,34,135,Yes,NA,Spotlighting,-35.53679026
303,VA,EASTVA,11/18/2019,37.435173,-77.013175,195865,1329,VA-2019-43,GC,1803-29745,No,0,1,142,65.5,37.7,32.8,130,Yes,NA,Spotlighting,-9.548979499
304,VA,EASTVA,11/23/2019,37.435173,-77.013175,195887,43894,VA-2019-47,GC,1803-29746,No,1,0,195,72,39.2,34,141,Yes,NA,Spotlighting,-2.199860883
305,VA,EASTVA,11/23/2019,37.435173,-77.013175,195885,43892,VA-2019-46,GC,1803-29747,No,1,1,190,70,41.8,36.3,143,Yes,NA,Spotlighting,-5.841819791
306,VA,EASTVA,11/23/2019,37.435173,-77.013175,195876,1340,VA-2019-45,GC,1803-29748,No,1,0,185,71.5,39.9,34.3,141,Yes,NA,Spotlighting,-12.46676172
307,VA,EASTVA,11/23/2019,37.435173,-77.013175,195874,1338,VA-2019-49,GC,1803-29749,No,1,1,190,73,40.6,35.5,142,Yes,NA,Spotlighting,-5.384275497
308,VA,ESNWR,11/25/2019,37.135478,-75.960702,195877,1341,VA-2019-48,GC,1803-29750,No,1,0,195,70.4,40.2,35.3,140,Yes,NA,Mist Net,-2.581147795
309,VA,ESNWR,11/25/2019,37.135478,-75.960702,195866,1330,VA-2019-44,GC,1803-29751,No,1,1,184,69.1,40.1,34.8,134,No,NA,Mist net; 13.2 primary width,-11.19363204
310,VA,ESNWR,11/25/2019,37.135478,-75.960702,195867,1331,VA-2019-50,GC,1803-29752,No,1,0,215,71.7,40.1,35.2,142,No,NA,Mist Net,17.4569809
311,NJ,CMDWS,12/3/2019,38.93799,-74.944646,196546,43924,NJ-2019-30,ACF,1803-36638,No,1,0,198,75,40.5,34.7,141,Yes,NA,Mist Net; 240-42,0.304466131
312,NJ,CMDWS,12/3/2019,38.93799,-74.944646,196536,NA,NJ-2019-20,LC,1803-36639,No,0,0,128,64.1,37.5,33.6,120,Yes,NA,Mist Net; 170-42,-25.82210918
313,NJ,CMDWS,12/3/2019,38.93799,-74.944646,196533,NA,NJ-2019-17,ACF,1803-36640,No,0,0,159,62.5,35.2,30,125,Yes,NA,Mist Net; 202-43,6.054850718
314,NJ,CMDWS,12/3/2019,38.93799,-74.944646,196532,NA,NJ-2019-16,ACF,1803-36641,No,0,0,163,66.4,38.1,32.2,124,Yes,NA,Spotlight; 205-42,8.949118673
315,NJ,CMDWS,12/3/2019,38.93799,-74.944646,196540,43918,NJ-2019-24,LC,1803-36642,No,1,0,188,71.6,39.8,34.4,142,Yes,NA,Spotlight; 230-42,-9.42863303
316,NJ,CMDWS,12/3/2019,38.93799,-74.944646,196545,43923,NJ-2019-29,ACF,1803-36643,No,1,0,215,72,42.7,36.8,137,Yes,NA,Spotlight; 255-40,16.46563493
317,NJ,HIGBEE,12/3/2019,38.958672,-74.946853,196538,NA,NJ-2019-22,ACF,1803-36644,No,0,0,174,66.4,36.9,32.1,130,Yes,NA,Spotlight; 216-42,20.40666297
318,NJ,HIGBEE,12/3/2019,38.958672,-74.946853,196541,43919,NJ-2019-25,LC,1803-36645,No,1,0,184,71.5,39.9,35.9,135,Yes,NA,Spotlight; 226-42,-13.46676172
319,NJ,HIGBEE,12/3/2019,38.958672,-74.946853,196535,NA,NJ-2019-19,ACF,1803-36646,No,0,0,178,65.6,37.2,32.6,124,Yes,NA,Spotlight; 220-42,24.29227689
320,NJ,HIGBEE,12/3/2019,38.958672,-74.946853,196534,NA,NJ-2019-18,ACF,1803-36647,No,0,0,156,67.5,37.5,33.9,124,Yes,NA,Spotlight; 198-42,2.17789082
321,NJ,HIGBEE,12/3/2019,38.958672,-74.946853,196537,NA,NJ-2019-21,LC,1803-36648,No,0,0,156,63.5,35.1,32.6,121,Yes,NA,Spotlight; 196-40,3.092979409
322,NJ,HIGBEE,12/3/2019,38.958672,-74.946853,NA,NA,,DW,1803-36649,No,0,0,154,64.3,63.8,31.8,134,Yes,NA,Spotlight; 198-44; no tag,-9.849954962
323,NJ,HIGBEE,12/3/2019,38.958672,-74.946853,NA,NA,,DW,1803-36650,No,0,0,162,65.1,36.8,32.4,130,Yes,NA,Spotlight; 204-42; no tag,8.444791659
324,NJ,CMDWS,12/4/2019,38.93799,-74.944646,NA,NA,,JAKE,1803-36651,No,0,0,138,62.4,35.8,32.6,120,Yes,NA,Mist Net; 180-42; no tag,-15.17392143
325,NJ,CMDWS,12/4/2019,38.93799,-74.944646,NA,NA,,ACF,1803-36652,No,0,0,142,64,35.8,30.7,127,Yes,NA,Mist Net; 184-42; no tag,-11.17392143
326,NJ,CMDWS,12/4/2019,38.93799,-74.944646,NA,NA,,JAKE,1803-36653,No,0,0,172,62,35.6,31.8,120,Yes,NA,Mist Net; 215-43; no tag,18.90233595
327,NJ,CMDWS,12/4/2019,38.93799,-74.944646,NA,NA,,ACF,1803-36654,No,0,0,140,61.2,35.5,31,127,Yes,NA,Mist Net; 182-42; no tag,-13.05953536
328,NJ,CMDWS,12/4/2019,38.93799,-74.944646,NA,NA,,JAKE,1803-36655,No,0,0,153,63.6,37,33.2,122,Yes,NA,Mist Net; 196-43; no tag,-0.631465724
329,NJ,CMDWS,12/4/2019,38.93799,-74.944646,196542,43920,NJ-2019-26,LC,1803-36656,No,1,0,194,75.5,40.6,34.7,131,Yes,NA,Mist Net; 234-40,-3.73366256
330,NJ,CMDWS,12/4/2019,38.93799,-74.944646,NA,NA,,ACF,no band,No,1,0,212,71.1,38.7,35.4,141,Yes,NA,Spotlight; 254-42; bird died in hand and leg band was removed,14.99078257
331,NJ,CMDWS,12/4/2019,38.93799,-74.944646,NA,NA,,JAKE,1803-36658,No,0,0,154,61.2,37.8,35.5,130,Yes,NA,Spotlight; 194-40; no tag,0.063504747
332,NJ,HIGBEE,12/4/2019,38.958672,-74.946853,196544,43922,NJ-2019-28,ACF,1803-36657,No,1,0,220,71.9,42.5,36.7,138,Yes,NA,Spotlight; 264-44,21.54189231
333,NJ,HIGBEE,12/4/2019,38.958672,-74.946853,196539,43917,NJ-2019-23,ACF,1803-36659,No,1,0,189,71.9,42.5,36.7,138,Yes,NA,Spotlight; 233-44,-9.458107692
334,NJ,HIGBEE,12/4/2019,38.958672,-74.946853,196543,43921,NJ-2019-27,LC,1803-36660,No,1,0,214,72.2,40.4,35.6,134,Yes,NA,Spotlight; 256-42,16.34259482
335,VA,EASTVA,1/3/2020,37.435173,-77.013175,195872,1336,VA-2020-51,GC,1803-29754,No,0,0,170,67.8,36.5,30.5,126,Yes,NA,Spotlight; primaries 12mm,16.55917773
336,VA,EASTVA,1/3/2020,37.435173,-77.013175,NA,NA,,GC,1803-29755,No,1,1,200,73,40.8,35.5,140,No,NA,Spotlight; no tag,4.539467121
337,VA,EASTVA,1/3/2020,37.435173,-77.013175,NA,NA,,GC,1803-29756,No,1,1,178,71,38,33.2,137,No,NA,Spotlight; no tag,-16.39292953
338,VA,WCWMA,1/13/2020,37.453197,-76.772879,195871,1335,VA-2020-55,GC,1803-29757,No,1,1,220,70.2,39.5,34,141,Yes,NA,Spotlight,25.03514011
339,VA,EASTVA,1/14/2020,37.435173,-77.013175,195868,1332,VA-2020-52,GC,1803-29758,No,0,0,145,64.8,37.4,32.5,127,Yes,NA,Spotlight,-8.783980488
340,VA,EASTVA,1/14/2020,37.435173,-77.013175,NA,NA,,GC,1803-29759,No,1,0,200,70.4,39.9,33.8,138,No,NA,Spotlight; no tag,2.533238278
341,VA,ESNWR,1/15/2020,37.135478,-75.960702,195869,1333,VA-2020-53,GC,1803-29760,No,0,0,168,65.2,38,33.4,133,Yes,NA,Mist Net,13.98724736
342,VA,ESNWR,1/15/2020,37.135478,-75.960702,NA,NA,,GC,1803-29761,No,0,0,135,62.9,34.6,30.4,125,No,NA,Mist Net; no tag,-17.71637714
343,VA,ESNWR,1/15/2020,37.135478,-75.960702,NA,NA,,GC,1803-29762,No,0,0,145,63,36,31.8,128,No,NA,Mist Net; No tag,-8.250178812
344,VA,ESNWR,1/15/2020,37.135478,-75.960702,195870,1334,VA-2020-54,GC,1803-29763,No,0,1,152,64.2,35,31.2,126,Yes,NA,Mist Net,1.480495163
345,GA,CLYBEL,1/27/2020,33.429858,-83.748162,197447,1400,GA-2020-12,ACF,1573-88502,No,0,0,135,63.2,34.2,30,124,Yes,1,Blood:001; mist net; 175-40,-17.56386237
346,GA,CLYBEL,1/27/2020,33.429858,-83.748162,197444,1397,GA-2020-08,GB,1573-88503,No,0,1,147,63.5,35.2,30,128,Yes,2,Blood:002; mist net; 190-43,-3.595762219
347,GA,CLYBEL,1/27/2020,33.429858,-83.748162,197452,44000,GA-2020-04,GB,1573-88504,No,1,1,213,73.8,40.2,35.2,146,Yes,3,Blood:003; spotlight; 255-42,17.76823927
348,GA,CLYBEL,1/27/2020,33.429858,-83.748162,197451,43999,GA-2020-03,GB,1573-88505,No,1,1,209,72,40.5,35.4,143,Yes,4,Blood:004; spotlight; 250-41,13.65385319
349,GA,CLYBEL,1/27/2020,33.429858,-83.748162,197446,1399,GA-2020-10,GB,1573-88506,No,0,0,160,64.4,37.9,32.4,130,Yes,5,Blood:005; spotlight; 200-40,6.025376056
350,GA,CLYBEL,1/27/2020,33.429858,-83.748162,197448,1401,GA-2020-11,GB,1573-88507,No,0,1,145,65.2,37.5,32.7,134,Yes,6,Blood:006; spotlight; 189-44,-6.472722117
351,GA,CLYBEL,1/27/2020,33.429858,-83.748162,197450,43998,GA-2020-02,GB,1573-88508,No,1,1,210,70.1,39.8,34.8,143,Yes,7,Blood:007; spotlight; 250-40,14.92075403
352,GA,CLYBEL,1/27/2020,33.429858,-83.748162,197445,1398,GA-2020-09,GB,1573-88509,No,0,0,172,63,38.5,31.7,129,Yes,8,Blood:008; spotlight; 214-42,17.79660391
353,GA,CLYBEL,1/27/2020,33.429858,-83.748162,197443,1396,GA-2020-07,GB,1573-88510,No,0,1,140,64.4,38.7,34.4,129,Yes,9,Blood:009; spotlight; 185-45,-11.93026641
354,GA,CLYBEL,1/27/2020,33.429858,-83.748162,197449,43997,GA-2020-01,GB,1573-88511,No,1,1,196,70.2,39.5,35.5,143,Yes,10,Blood:010; spotlight; 238-42,1.035140106
355,GA,CLYBEL,1/27/2020,33.429858,-83.748162,NA,NA,,GA Staff,1573-88512,No,0,1,132,66.6,36.1,32.4,133,Yes,11,Blood:011; spotlight; 176-44; no tag,-18.93892044
356,GA,CLYBEL,1/28/2020,33.429858,-83.748162,197453,54001,GA-2020-05,ACF,1573-88513,No,1,0,195,68.8,39.8,34.2,137,Yes,12,Blood:012; spotlight; 238-43,-2.42863303
357,GA,CLYBEL,1/28/2020,33.429858,-83.748162,196568,43941,GA-2020-06,ACF,1573-88514,No,1,1,189,70.2,39.3,34.5,135,Yes,13,Blood:013; spotlight; 232-43; altitude tag,-5.888602511
358,GA,CLYBEL,1/28/2020,33.429858,-83.748162,NA,NA,,GA Staff,1573-88515,No,0,0,154,68.8,33.6,32.5,127,Yes,37,Blood:037; spotlgiht; 196-42; no tag,1.664909777
359,GA,CLYBEL,1/28/2020,33.429858,-83.748162,NA,NA,,GA Staff,1573-88516,No,1,0,172,67.2,39.4,32,140,Yes,38,Blood:038; spotlight; 214-42; no tag,-25.27611827
360,GA,CLYBEL,1/28/2020,33.429858,-83.748162,NA,NA,,GA Staff,1573-88517,No,0,0,124,65.4,NA,NA,NA,Yes,NA,Spotlight; 166-42; no tag,NA
361,GA,CLYBEL,1/28/2020,33.429858,-83.748162,NA,NA,,GA Staff,1573-88518,No,1,0,187,74.1,NA,NA,NA,Yes,NA,Spotlight; 229-42; no tag,NA
362,GA,CLYBEL,1/28/2020,33.429858,-83.748162,NA,NA,,GA Staff,1573-88519,No,1,0,167,70.4,NA,NA,NA,Yes,NA,Spotlight; 209-42; no tag,NA
363,GA,CLYBEL,1/29/2020,33.429858,-83.748162,NA,NA,,GA Staff,1573-88520,No,0,1,157,64.7,NA,NA,NA,Yes,NA,Spotlight; 232-75; no tag,NA
364,GA,CLYBEL,1/29/2020,33.429858,-83.748162,NA,NA,,GA Staff,1573-88521,No,1,1,216,70.9,NA,NA,NA,Yes,NA,Spotlight; 258-42; no tag,NA
365,GA,CLYBEL,1/29/2020,33.429858,-83.748162,NA,NA,,GA Staff,1573-88522,No,0,1,145,62.5,NA,NA,NA,Yes,NA,Spotlight; 270-125; no tag,NA
366,GA,CLYBEL,1/29/2020,33.429858,-83.748162,NA,NA,,GA Staff,1573-88523,No,1,0,203,79.7,NA,NA,NA,Yes,NA,Spotlight; 245-42; no tag,NA
367,GA,CLYBEL,1/29/2020,33.429858,-83.748162,NA,NA,,GA Staff,1573-88524,No,0,1,129,66,NA,NA,NA,Yes,NA,Spotlight; 175-46; no tag,NA
368,GA,CLYBEL,1/29/2020,33.429858,-83.748162,NA,NA,,GA Staff,1573-88525,No,1,1,252,73.7,NA,NA,NA,Yes,NA,Spotlight; 292-40; no tag,NA
369,GA,CLYBEL,1/29/2020,33.429858,-83.748162,NA,NA,,GA Staff,1573-88526,No,1,0,195,71.2,NA,NA,NA,Yes,NA,Spotlight; 238-43; no tag,NA
370,GA,CLYBEL,1/29/2020,33.429858,-83.748162,NA,NA,,GA Staff,1573-88527,No,0,1,144,60.9,NA,NA,NA,Yes,NA,Spotlight; 220-76; no tag,NA
371,GA,CLYBEL,1/30/2020,33.429858,-83.748162,NA,NA,,GA Staff,1573-88528,No,0,0,148,63.5,NA,NA,NA,Yes,NA,Spotlight; no tag; 194-46,NA
372,GA,CLYBEL,1/30/2020,33.429858,-83.748162,NA,NA,,GA Staff,1573-88529,No,1,0,192,74.2,NA,NA,NA,Yes,NA,Spotlight; no tag; 238-46,NA
373,GA,CLYBEL,1/30/2020,33.429858,-83.748162,NA,NA,,GA Staff,1573-88530,No,0,1,149,68.1,NA,NA,NA,Yes,NA,Spotlight; no tag; 194-45,NA
374,GA,CLYBEL,1/30/2020,33.429858,-83.748162,NA,NA,,GA Staff,1573-88531,No,0,0,157,66.1,NA,NA,NA,Yes,NA,Spotlight; no tag; 202-45,NA
375,GA,CLYBEL,1/30/2020,33.429858,-83.748162,NA,NA,,GA Staff,1573-88532,No,0,0,145,63.6,NA,NA,NA,Yes,NA,Spotlight; no tag; 191-46,NA
376,GA,CLYBEL,1/30/2020,33.429858,-83.748162,NA,NA,,GA Staff,1573-88533,No,0,0,178,67.1,NA,NA,NA,Yes,NA,Spotlight; no tag; 224-46,NA
377,GA,CLYBEL,1/30/2020,33.429858,-83.748162,NA,NA,,GA Staff,1573-88534,No,0,1,142,66,NA,NA,NA,Yes,NA,Spotlight; no tag; 190-48,NA
378,GA,CLYBEL,1/30/2020,33.429858,-83.748162,NA,NA,,GA Staff,1573-88535,No,1,1,232,70.1,NA,NA,NA,Yes,NA,Spotlight; no tag; 280-48,NA
379,GA,CLYBEL,1/30/2020,33.429858,-83.748162,NA,NA,,GA Staff,1573-88536,No,0,1,140,66.2,NA,NA,NA,Yes,NA,Spotlgiht; no tag; 188-48,NA
380,GA,JOEKURZ,1/31/2020,33.1146,-84.537203,NA,NA,,GA Staff,1573-88537,No,0,0,154,62.6,NA,NA,NA,Yes,NA,Spotlight; no tag; 194-40,NA
381,GA,JOEKURZ,1/31/2020,33.1146,-84.537203,NA,NA,,GA Staff,1573-88538,No,0,1,130,62.2,NA,NA,NA,Yes,NA,Spotlight; no tag; 172-42,NA
382,GA,JOEKURZ,1/31/2020,33.1146,-84.537203,NA,NA,,GA Staff,1573-88539,No,0,0,150,62.7,NA,NA,NA,Yes,NA,Spotlight; no tag; 192-42,NA
383,GA,JOEKURZ,1/31/2020,33.1146,-84.537203,NA,NA,,GA Staff,1573-88540,No,0,0,134,64.4,NA,NA,NA,Yes,NA,Spotlight; no tag; 176-42,NA
384,GA,JOEKURZ,1/31/2020,33.1146,-84.537203,NA,NA,,GA Staff,1573-88541,No,0,1,129,61.5,NA,NA,NA,Yes,NA,Spotlight; no tag; 173-44,NA
385,GA,JOEKURZ,1/31/2020,33.1146,-84.537203,NA,NA,,GA Staff,1573-88542,No,0,1,148,64.7,NA,NA,NA,Yes,NA,Spotlight; no tag; 190-42,NA
386,GA,JOEKURZ,1/31/2020,33.1146,-84.537203,NA,NA,,GA Staff,1573-88543,No,0,0,138,63.2,NA,NA,NA,Yes,NA,Spotlight; no tag; 178-40,NA
387,AL,PORTLAND,2/3/2020,32.152841,-87.16725,196557,NA,AL-2020-04,ACF,1873-20401,No,0,1,136,63,36.1,31.8,129,Yes,14,Mist Net (peenting); 176-40; Blood 014; altitude tag,-14.93892044
388,AL,PORTLAND,2/3/2020,32.152841,-87.16725,196567,43940,AL-2020-07,SM,1873-20402,No,1,0,180,69,37.7,33.7,132,Yes,15,Spotlight; 220-40; Blood 015; altitude tag,-16.62793052
389,AL,PORTLAND,2/3/2020,32.152841,-87.16725,196558,NA,AL-2020-05,SM,1873-20403,No,0,1,144,63,36.7,32.1,131,Yes,16,Spotlight (peenitng); 187-43; Blood 016; altitude tag,-7.167692587
390,AL,PORTLAND,2/4/2020,32.152841,-87.16725,196565,43938,AL-2020-06,SM,1873-20404,No,1,1,186,70.8,39.3,34.1,140,Yes,17,Spotlight; 230-44; Blood 017,-8.888602511
391,AL,PORTLAND,2/4/2020,32.152841,-87.16725,NA,NA,,SM,1873-20405,No,1,1,194,72.3,40.5,35.1,140,Yes,NA,Spotlight; band only; 146-52; broken wing,-1.346146806
392,AL,PORTLAND,2/4/2020,32.152841,-87.16725,196564,43937,AL-2020-02,SM,1873-20406,No,1,0,202,75.7,37,34.4,142,Yes,18,Spotlight; 244-42; Blood 018,5.638970323
393,AL,PORTLAND,2/4/2020,32.152841,-87.16725,196566,43939,AL-2020-03,SM,1873-20407,No,1,1,209,70.2,41.7,37.1,142,Yes,19,Spotlight; 252-43; Blood 019,13.1963089
394,AL,PORTLAND,2/4/2020,32.152841,-87.16725,183496,1207,AL-2020-01,SM,1873-20408,No,0,0,152,61.6,36.6,32,125,Yes,20,Spotlight; 198-46; Blood 020,-1.478950959
395,AL,LOWNDES,2/6/2020,32.325661,-86.672005,NA,NA,,SM,1873-20409,No,1,1,200,68.9,NA,NA,142,Yes,NA,Spotlight; 246-46; no tag,NA
396,AL,PORTLAND,2/7/2020,32.152841,-87.16725,NA,NA,,SM,1873-20410,No,1,1,220,74.8,NA,NA,145,Yes,NA,Spotlight; 260-40; no tag,NA
397,AL,PORTLAND,2/7/2020,32.152841,-87.16725,NA,NA,,SM,1873-20411,No,1,1,209,73.9,NA,NA,142,Yes,NA,Spotlight; 254-45; no tag; leucistic,NA
398,AL,PORTLAND,2/7/2020,32.152841,-87.16725,NA,NA,,SM,1873-20412,No,0,0,158,61,NA,NA,122,Yes,NA,Spotlight; 202-44; no tag,NA
399,AL,PORTLAND,2/8/2020,32.152841,-87.16725,NA,NA,,SM,1873-20413,No,0,1,NA,59.5,NA,NA,134,Yes,NA,Spotlight; no tag,NA
400,NC,OUTFALLS,2/17/2020,35.425412,-76.154769,NA,NA,,ACF,no band,No,0,0,143,61.6,37.1,30.7,124,Yes,21,Spotlight; 185-42; Blood 021; Died during processing,-10.66959441
401,NC,OUTFALLS,2/18/2020,35.425412,-76.154769,197731,1412,NC-2020-06,DH,1873-20501,No,0,0,156,66,37.2,32.4,130,Yes,22,Spotlight; 197-41; Blood 022,2.292276894
402,NC,OUTFALLS,2/18/2020,35.425412,-76.154769,197732,1413,NC-2020-07,DH,1873-20502,No,0,0,138,62.5,38.1,31.3,125,Yes,23,Spotlight; 180-42; Blood 023,-16.05088133
403,NC,OUTFALLS,2/18/2020,35.425412,-76.154769,197736,43990,NC-2020-08,DH,1873-20503,No,1,1,198,69.3,40,34.8,145,Yes,24,Spotlight; 240-42; Blood 024,2.84449665
404,NC,OUTFALLS,2/18/2020,35.425412,-76.154769,197737,43991,NC-2020-09,DH,1873-20504,No,1,0,204,74.2,40.5,33.7,147,Yes,25,Spotlight; 246-42; Blood 025,6.304466131
405,NC,OUTFALLS,2/18/2020,35.425412,-76.154769,197725,1407,NC-2020-10,DH,1873-20505,No,0,0,168,64.8,36.6,35.1,127,Yes,26,Spotlight; 210-42; Blood 026; altitude tag,14.52104904
406,NC,FLATRI,2/19/2020,36.102228,-78.805408,197734,1415,NC-2020-13,DH,1873-20506,No,0,0,130,60.5,37.1,32.5,127,Yes,27,Spotlight; 170-40; Blood 027,-23.66959441
407,NC,FLATRI,2/19/2020,36.102228,-78.805408,197735,1416,NC-2020-14,DH,1873-20507,No,0,0,152,60.5,35.1,34.1,126,Yes,28,Spotlight; 194-42; Blood 028,-0.907020591
408,NC,FLATRI,2/19/2020,36.102228,-78.805408,197726,1408,NC-2020-20,DH,1873-20508,No,0,0,143,62.7,36.7,31.3,125,Yes,29,Altitude tag; Spotlight; 187-44; Blood 029,-10.51707965
409,NC,FLATRI,2/19/2020,36.102228,-78.805408,197730,1411,NC-2020-11,DH,1873-20509,No,0,1,129,63.6,35.8,32.6,127,Yes,30,Spotlight; 169-40; Blood 030,-21.82453437
410,NC,FLATRI,2/19/2020,36.102228,-78.805408,197733,1414,NC-2020-12,DH,1873-20510,No,0,0,158,62.7,38.5,34,130,Yes,31,Spotlight; 203-45; Blood 031,3.796603909
411,NC,FLATRI,2/19/2020,36.102228,-78.805408,197740,43994,NC-2020-17,DH,1873-20511,No,1,0,220,70.7,38.8,34.6,130,Yes,32,Spotlight; 262-42; Blood 032,22.95265388
412,NC,FLATRI,2/19/2020,36.102228,-78.805408,NA,NA,,DH,1873-20512,No,0,1,145,61.7,NA,NA,125,Yes,NA,Spotlight; 187-42; no tag,NA
413,NC,FLATRI,2/19/2020,36.102228,-78.805408,NA,NA,,DH,1873-20513,No,0,0,155,60.4,NA,NA,126,Yes,NA,Spotlight; 200-45; no tag,NA
414,NC,FLATRI,2/19/2020,36.102228,-78.805408,197742,43996,NC-2020-19,DH,1873-20514,No,1,1,192,69.9,40.7,34.5,145,Yes,33,Altitude tag; Spotlight; 235-43; Blood 033,-3.422404188
415,NC,FLATRI,2/19/2020,36.102228,-78.805408,NA,NA,,DH,1873-20515,No,0,0,150,64.3,NA,NA,126,Yes,NA,Spotlight; 192-42; no tag,NA
416,NC,FLATRI,2/19/2020,36.102228,-78.805408,197741,43995,NC-2020-18,DH,1873-20516,No,1,0,181,70.5,38.4,33.5,142,Yes,34,Altitude tag; Spotlight; 232-42; Blood 034,-15.89483135
417,NC,FLATRI,2/19/2020,36.102228,-78.805408,NA,NA,,DH,1873-20517,No,0,0,147,64.1,NA,NA,132,Yes,NA,Spotlight; 189-42; no tag,NA
418,NC,FLATRI,2/19/2020,36.102228,-78.805408,NA,NA,,DH,1873-20518,No,0,0,149,64.1,NA,NA,125,Yes,NA,Spotlight; 191-42; no tag,NA
419,NC,FLATRI,2/19/2020,36.102228,-78.805408,197739,43993,NC-2020-16,DH,1873-20519,No,1,1,212,70.1,43,36.8,146,Yes,35,Spotlight; 254-42; Blood 035,15.70063591
420,NC,FLATRI,2/19/2020,36.102228,-78.805408,197738,43992,NC-2020-15,ACF,1873-20520,No,1,0,199,70.5,40.3,35.4,139,Yes,36,Spotlight; 244-45; Blood 036,1.380723514
421,NC,FLATRI,2/19/2020,36.102228,-78.805408,NA,NA,,DH,1873-20521,No,0,0,169,66,NA,NA,127,Yes,NA,Spotlight; 211-42; no tag,NA
422,SC,CLEMSON,2/24/2020,34.611031,-82.816207,NA,NA,,ACF,1803-22113,No,0,1,139,66.8,36.2,31.1,125,Yes,NA,Spotlight; 227-88; no tag; torn skin on knee; injured; walked off,-11.97704913
423,SC,CLEMSON,2/24/2020,34.611031,-82.816207,197721,NA,SC-2020-10,ACF,1803-22114,No,0,0,165,65.1,36.1,31.6,122,Yes,39,Spotlight; 236-71; soaked bird; Blood 039,11.7116925
424,SC,CLEMSON,2/25/2020,34.611031,-82.816207,197722,NA,SC-2020-17,ACF,1803-22115,No,0,1,137,64.8,66.2,31.4,132,Yes,40,Mist Net; 177-40; Blood 040,-25.41565649
425,SC,CLEMSON,2/25/2020,34.611031,-82.816207,197727,43987,SC-2020-11,ACF,1803-22116,No,1,1,223,74.4,41.8,35.5,139,Yes,41,Mist Net; 273-50; Blood 041,27.15818021
426,SC,CLEMSON,2/25/2020,34.611031,-82.816207,197729,43989,SC-2020-12,ACF,1803-22117,No,1,0,220,74.4,41.2,35.7,144,Yes,42,Spotlight; 266-46; Blood 042; Altitude,22.03756529
427,MD,HALES,2/26/2020,38.4235,-75.9244,196561,43934,MD-2020-14,HW,1873-04701,No,1,0,191,69.5,40.2,35.2,141,Yes,NA,Spotlight,-6.581147795
428,MD,HALES,2/26/2020,38.4235,-75.9244,196556,NA,MD-2020-12,HW,1873-04702,No,0,1,135,61.5,37.5,32.6,130.5,Yes,NA,Spotlight,-16.47272212
429,MD,HALES,2/26/2020,38.4235,-75.9244,196562,43935,MD-2020-15,HW,1873-04703,No,1,1,205,72.5,40.7,35.3,139.5,Yes,NA,Spotlight,9.577595812
430,MD,HALES,2/26/2020,38.4235,-75.9244,196547,NA,MD-2020-10,HW,1873-04704,No,0,1,153,67.4,38.6,32.5,129,Yes,NA,Spotlight,1.10786228
431,MD,HALES,2/26/2020,38.4235,-75.9244,196548,NA,MD-2020-17,HW,1873-04705,No,0,0,169,65.7,37.3,31.9,130,Yes,NA,Spotlight,15.2541482
432,MD,HALES,2/26/2020,38.4235,-75.9244,196551,NA,MD-2020-11,HW,1873-04706,No,0,1,170,59.2,35.6,30.5,129,Yes,NA,Spotlight,19.25172302
433,MD,HALES,2/26/2020,38.4235,-75.9244,196550,NA,,HW,1873-04707,No,1,0,182,69.1,37.7,31.9,134,Yes,NA,Spotlight,-14.62793052
434,MD,HALES,2/26/2020,38.4235,-75.9244,196560,43933,MD-2020-16,HW,1873-04708,No,1,0,184,74.4,40.6,36.1,143,Yes,NA,Spotlight,-13.73366256
435,MD,HALES,2/26/2020,38.4235,-75.9244,196559,43932,MD-2020-13,HW,1873-04709,No,1,0,211,72.7,38.9,34.2,134,Yes,NA,Spotlight,13.91452519
436,SC,WEBB,2/27/2020,32.60813,-81.301628,197728,43988,SC-2020-16,ACF,1803-22118,No,1,0,200,74.4,40.9,35.2,139,Yes,43,Mist Net; 248-48; Blood 043; altitude,2.151951367
437,SC,WEBB,2/28/2020,32.60813,-81.301628,197723,NA,SC-2020-14,ACF,1713-14118,Yes,0,1,130,65.8,37.6,32.3,132,Yes,44,Mist Net; 170-40; Blood 044; Displaying Male,-21.51085081
438,SC,WEBB,2/28/2020,32.60813,-81.301628,197724,NA,SC-2020-15,ACF,1803-22119,No,0,1,137,66.6,37.7,32.5,130,Yes,45,Mist Net; 177-40; Blood 045; Displyaing male,-14.5489795
439,SC,WEBB,2/29/2020,32.60813,-81.301628,197720,NA,SC-2020-13,ACF,1803-22120,No,0,0,142,67.7,38.7,33.4,129,Yes,46,Mist Net; 185-43; Blood 046; Displaying Male,-12.27965347
440,SC,WEBB,2/29/2020,32.60813,-81.301628,NA,NA,,ACF,1713-14132,No,0,1,132,62.5,35.9,32.1,130,Yes,47,Mist Net; 175-43; Blood 047; Displaying Male,-18.86266306
441,VA,WTRACT,3/24/2020,38.169663,-79.574394,199546,NA,VA-2020-58,GN,1803-29780,No,0,0,128,65,34,29,124,Yes,NA,Mist net,-24.48760499
442,VA,WTRACT,3/24/2020,38.169663,-79.574394,199547,NA,VA-2020-59,GN,1803-29781,No,1,1,217,70,40,37,142,Yes,NA,Spotlight,21.84449665
443,VA,WTRACT,3/24/2020,38.169663,-79.574394,199545,NA,VA-2020-57,GN,1803-29782,No,0,0,108,63,37,35,129,Yes,NA,Spotlight; male flew into funnel on spotlight,-45.63146572
444,VA,WCWMA,3/12/2020,37.453197,-76.772879,195854,1318,VA-2020-56,GC,1803-29765,No,0,0,147,65.1,35.2,30.4,125,Yes,NA,Mist Net; flew well,-5.945149282
